Year,All_Items_Monthly_CPI,All_Items_Index_12_Month_Average_CPI,All_Items_Month_on_Month_Change,All_Items_Year_on_Year_change,All_Items_12_Month_average_change,All_Items_less_Farm_Produce_Monthly_CPI,All_Items_less_Farm_Produce_Index_12_Month_Average_CPI,All_Items_less_Farm_Produce_Month_on_Month_change,All_Items_less_Farm_Produce_Year_on_Year_change,All_Items_less_Farm_Produce_12_Month_average_change,Food_Monthly_CPI,Food_Index_12_Month_Average_CPI,Food_Month_on_Month_change,Food_Year_on_Year_change,Food_12_Month_average_change,Dates,Date_year
1/1/1970,0.09,,,14.44,,,,,,,,,,,,1970-01-01,1970
2/1/1970,0.09,,,13.19,,,,,,,,,,,,1970-02-01,1970
3/1/1970,0.09,,,13.04,,,,,,,,,,,,1970-03-01,1970
4/1/1970,0.1,,,15.05,,,,,,,,,,,,1970-04-01,1970
5/1/1970,0.1,,,14.74,,,,,,,,,,,,1970-05-01,1970
6/1/1970,0.09,,,6.12,,,,,,,,,,,,1970-06-01,1970
7/1/1970,0.1,,,13.4,,,,,,,,,,,,1970-07-01,1970
8/1/1970,0.1,,,14.58,,,,,,,,,,,,1970-08-01,1970
9/1/1970,0.1,,,15.46,,,,,,,,,,,,1970-09-01,1970
10/1/1970,0.1,,,13.4,,,,,,,,,,,,1970-10-01,1970
11/1/1970,0.1,,,14.43,,,,,,,,,,,,1970-11-01,1970
12/1/1970,0.1,,,13.13,,,,,,,,,,,,1970-12-01,1970
1/1/1972,0.12,,,11.21,,,,,,,,,,,,1972-01-01,1972
2/1/1972,0.12,,,11.86,,,,,,,,,,,,1972-02-01,1972
3/1/1972,0.12,,,10.83,,,,,,,,,,,,1972-03-01,1972
4/1/1972,0.12,,,7.44,,,,,,,,,,,,1972-04-01,1972
5/1/1972,0.12,,,7.14,,,,,,,,,,,,1972-05-01,1972
6/1/1972,0.12,,,2.29,,,,,,,,,,,,1972-06-01,1972
7/1/1972,0.12,,,-2.96,,,,,,,,,,,,1972-07-01,1972
8/1/1972,0.11,,,-1.56,,,,,,,,,,,,1972-08-01,1972
9/1/1972,0.11,,,-2.34,,,,,,,,,,,,1972-09-01,1972
10/1/1972,0.12,,,6.98,,,,,,,,,,,,1972-10-01,1972
11/1/1972,0.11,,,-3.13,,,,,,,,,,,,1972-11-01,1972
12/1/1972,0.11,,,-3.88,,,,,,,,,,,,1972-12-01,1972
1/1/1973,0.11,,,-2.33,,,,,,,,,,,,1973-01-01,1973
2/1/1973,0.12,,,-0.76,,,,,,,,,,,,1973-02-01,1973
3/1/1973,0.12,,,-1.5,,,,,,,,,,,,1973-03-01,1973
4/1/1973,0.12,,,3.08,,,,,,,,,,,,1973-04-01,1973
5/1/1973,0.12,,,1.48,,,,,,,,,,,,1973-05-01,1973
6/1/1973,0.13,,,4.48,,,,,,,,,,,,1973-06-01,1973
7/1/1973,0.13,,,6.87,,,,,,,,,,,,1973-07-01,1973
8/1/1973,0.12,,,10.32,,,,,,,,,,,,1973-08-01,1973
9/1/1973,0.12,,,8.8,,,,,,,,,,,,1973-09-01,1973
10/1/1973,0.12,,,-1.45,,,,,,,,,,,,1973-10-01,1973
11/1/1973,0.12,,,9.68,,,,,,,,,,,,1973-11-01,1973
12/1/1973,0.13,,,18.55,,,,,,,,,,,,1973-12-01,1973
1/1/1974,0.13,,,16.67,,,,,,,,,,,,1974-01-01,1974
2/1/1974,0.13,,,12.21,,,,,,,,,,,,1974-02-01,1974
3/1/1974,0.13,,,12.98,,,,,,,,,,,,1974-03-01,1974
4/1/1974,0.14,,,15.67,,,,,,,,,,,,1974-04-01,1974
5/1/1974,0.14,,,11.68,,,,,,,,,,,,1974-05-01,1974
6/1/1974,0.14,,,12.14,,,,,,,,,,,,1974-06-01,1974
7/1/1974,0.14,,,11.43,,,,,,,,,,,,1974-07-01,1974
8/1/1974,0.14,,,12.23,,,,,,,,,,,,1974-08-01,1974
9/1/1974,0.14,,,16.18,,,,,,,,,,,,1974-09-01,1974
10/1/1974,0.14,,,14.71,,,,,,,,,,,,1974-10-01,1974
11/1/1974,0.14,,,17.65,,,,,,,,,,,,1974-11-01,1974
12/1/1974,0.14,,,9.52,,,,,,,,,,,,1974-12-01,1974
1/1/1975,0.15,,,16.33,,,,,,,,,,,,1975-01-01,1975
2/1/1975,0.16,,,23.13,,,,,,,,,,,,1975-02-01,1975
3/1/1975,0.17,,,27.7,,,,,,,,,,,,1975-03-01,1975
4/1/1975,0.17,,,24.52,,,,,,,,,,,,1975-04-01,1975
5/1/1975,0.18,,,33.99,,,,,,,,,,,,1975-05-01,1975
6/1/1975,0.19,,,35.67,,,,,,,,,,,,1975-06-01,1975
7/1/1975,0.19,,,37.82,,,,,,,,,,,,1975-07-01,1975
8/1/1975,0.2,,,40.38,,,,,,,,,,,,1975-08-01,1975
9/1/1975,0.2,,,39.24,,,,,,,,,,,,1975-09-01,1975
10/1/1975,0.2,,,41.03,,,,,,,,,,,,1975-10-01,1975
11/1/1975,0.2,,,41.25,,,,,,,,,,,,1975-11-01,1975
12/1/1975,0.21,,,43.48,,,,,,,,,,,,1975-12-01,1975
1/1/1976,0.21,,,39.77,,,,,,,,,,,,1976-01-01,1976
2/1/1976,0.22,,,35.91,,,,,,,,,,,,1976-02-01,1976
3/1/1976,0.22,,,28.04,,,,,,,,,,,,1976-03-01,1976
4/1/1976,0.22,,,26.42,,,,,,,,,,,,1976-04-01,1976
5/1/1976,0.22,,,20,,,,,,,,,,,,1976-05-01,1976
6/1/1976,0.22,,,17.37,,,,,,,,,,,,1976-06-01,1976
7/1/1976,0.23,,,16.74,,,,,,,,,,,,1976-07-01,1976
8/1/1976,0.23,,,16.89,,,,,,,,,,,,1976-08-01,1976
9/1/1976,0.23,,,16.36,,,,,,,,,,,,1976-09-01,1976
10/1/1976,0.24,,,19.55,,,,,,,,,,,,1976-10-01,1976
11/1/1976,0.23,,,12.83,,,,,,,,,,,,1976-11-01,1976
12/1/1976,0.23,,,12.12,,,,,,,,,,,,1976-12-01,1976
1/1/1977,0.24,,,13.39,,,,,,,,,,,,1977-01-01,1977
2/1/1977,0.24,,,8.13,,,,,,,,,,,,1977-02-01,1977
3/1/1977,0.25,,,13.64,,,,,,,,,,,,1977-03-01,1977
4/1/1977,0.25,,,15.98,,,,,,,,,,,,1977-04-01,1977
5/1/1977,0.27,,,20.33,,,,,,,,,,,,1977-05-01,1977
6/1/1977,0.28,,,22.8,,,,,,,,,,,,1977-06-01,1977
7/1/1977,0.28,,,26.29,,,,,,,,,,,,1977-07-01,1977
8/1/1977,0.29,,,28.13,,,,,,,,,,,,1977-08-01,1977
9/1/1977,0.29,,,24.22,,,,,,,,,,,,1977-09-01,1977
10/1/1977,0.29,,,22.43,,,,,,,,,,,,1977-10-01,1977
11/1/1977,0.3,,,29.41,,,,,,,,,,,,1977-11-01,1977
12/1/1977,0.31,,,31.27,,,,,,,,,,,,1977-12-01,1977
1/1/1978,0.28,,,14.39,,,,,,,,,,,,1978-01-01,1978
2/1/1978,0.29,,,20.68,,,,,,,,,,,,1978-02-01,1978
3/1/1978,0.3,,,19.64,,,,,,,,,,,,1978-03-01,1978
4/1/1978,0.3,,,19.08,,,,,,,,,,,,1978-04-01,1978
5/1/1978,0.31,,,18.24,,,,,,,,,,,,1978-05-01,1978
6/1/1978,0.32,,,15.31,,,,,,,,,,,,1978-06-01,1978
7/1/1978,0.32,,,11.04,,,,,,,,,,,,1978-07-01,1978
8/1/1978,0.32,,,7.62,,,,,,,,,,,,1978-08-01,1978
9/1/1978,0.32,,,11.64,,,,,,,,,,,,1978-09-01,1978
10/1/1978,0.32,,,11.49,,,,,,,,,,,,1978-10-01,1978
11/1/1978,0.32,,,8.48,,,,,,,,,,,,1978-11-01,1978
12/1/1978,0.32,,,6.18,,,,,,,,,,,,1978-12-01,1978
1/1/1980,0.35,,,10.64,,,,,,,,,,,,1980-01-01,1980
2/1/1980,0.36,,,8.15,,,,,,,,,,,,1980-02-01,1980
3/1/1980,0.36,,,5.6,,,,,,,,,,,,1980-03-01,1980
4/1/1980,0.36,,,3.92,,,,,,,,,,,,1980-04-01,1980
5/1/1980,0.36,,,2.3,,,,,,,,,,,,1980-05-01,1980
6/1/1980,0.36,,,2.28,,,,,,,,,,,,1980-06-01,1980
7/1/1980,0.4,,,12.44,,,,,,,,,,,,1980-07-01,1980
8/1/1980,0.4,,,14.47,,,,,,,,,,,,1980-08-01,1980
9/1/1980,0.4,,,13.3,,,,,,,,,,,,1980-09-01,1980
10/1/1980,0.4,,,14.32,,,,,,,,,,,,1980-10-01,1980
11/1/1980,0.41,,,16.07,,,,,,,,,,,,1980-11-01,1980
12/1/1980,0.41,,,16.11,,,,,,,,,,,,1980-12-01,1980
1/1/1981,0.42,,,19.24,,,,,,,,,,,,1981-01-01,1981
2/1/1981,0.43,,,20.6,,,,,,,,,,,,1981-02-01,1981
3/1/1981,0.44,,,22.73,,,,,,,,,,,,1981-03-01,1981
4/1/1981,0.45,,,25.88,,,,,,,,,,,,1981-04-01,1981
5/1/1981,0.45,,,26.25,,,,,,,,,,,,1981-05-01,1981
6/1/1981,0.46,,,27.3,,,,,,,,,,,,1981-06-01,1981
7/1/1981,0.47,,,18.96,,,,,,,,,,,,1981-07-01,1981
8/1/1981,0.5,,,24.39,,,,,,,,,,,,1981-08-01,1981
9/1/1981,0.48,,,20.09,,,,,,,,,,,,1981-09-01,1981
10/1/1981,0.48,,,18.79,,,,,,,,,,,,1981-10-01,1981
11/1/1981,0.48,,,16.92,,,,,,,,,,,,1981-11-01,1981
12/1/1981,0.48,,,17.4,,,,,,,,,,,,1981-12-01,1981
1/1/1996,21.19,18.89,1.08,47.56,,20.68,18.13,2.72,40.22,,28.45,25.25,1.05,38.38,,1996-01-01,1996
2/1/1996,21.58,19.44,1.81,43.65,,21.11,18.61,2.08,37.66,,29.04,25.91,2.11,37.3,,1996-02-01,1996
3/1/1996,22.07,19.98,2.31,41.9,,21.51,19.08,1.9,36.13,,29.59,26.55,1.88,34.97,,1996-03-01,1996
4/1/1996,22.35,20.43,1.25,31.84,,21.71,19.5,0.93,29.61,,29.87,27.1,0.94,28.36,,1996-04-01,1996
5/1/1996,23.58,20.9,5.52,31.04,,22.03,19.91,1.5,28.92,,30.37,27.65,1.68,27.86,,1996-05-01,1996
6/1/1996,24.24,21.35,2.77,28.84,,22.19,20.31,0.69,27.23,,30.32,28.14,-0.18,24.16,,1996-06-01,1996
7/1/1996,25.17,21.83,3.84,29.51,,22.5,20.69,1.43,25.95,,30.95,28.63,2.09,23.05,,1996-07-01,1996
8/1/1996,25.5,22.27,1.29,26.71,,22.58,21.04,0.34,22.96,,31.19,29.07,0.76,20.89,,1996-08-01,1996
9/1/1996,25.31,22.68,-0.74,23.66,,22.86,21.36,1.22,20.07,,31.52,29.5,1.06,19.42,,1996-09-01,1996
10/1/1996,24.87,23.09,-1.7,24.63,,22.72,21.64,-0.61,17.18,,31.38,29.86,-0.43,16.1,,1996-10-01,1996
11/1/1996,24.45,23.44,-1.71,20.86,,22.82,21.9,0.46,16.11,,31.48,30.19,0.3,14.27,,1996-11-01,1996
12/1/1996,23.97,23.69,-1.98,14.31,29.29,23.21,22.16,1.72,15.31,25.67,31.79,30.5,0.99,12.92,23.99,1996-12-01,1996
1/1/1997,24.23,23.94,1.08,14.32,26.73,23.09,22.36,-0.54,11.65,23.35,31.69,30.77,-0.3,11.41,21.83,1997-01-01,1997
2/1/1997,24.46,24.18,0.95,13.35,24.41,22.98,22.52,-0.46,8.88,21,31.6,30.98,-0.29,8.8,19.56,1997-02-01,1997
3/1/1997,25.11,24.44,2.67,13.75,22.29,23.51,22.68,2.28,9.29,18.86,32.56,31.23,3.03,10.03,17.61,1997-03-01,1997
4/1/1997,26.17,24.75,4.23,17.09,21.16,23.57,22.84,0.26,8.57,17.13,32.45,31.44,-0.33,8.64,16.02,1997-04-01,1997
5/1/1997,26.62,25.01,1.7,12.85,19.67,23.62,22.97,0.2,7.17,15.37,32.63,31.63,0.55,7.44,14.39,1997-05-01,1997
6/1/1997,27.06,25.24,1.67,11.65,18.23,23.66,23.09,0.2,6.65,13.73,32.81,31.84,0.55,8.22,13.13,1997-06-01,1997
7/1/1997,27.26,25.42,0.74,8.31,16.44,23.66,23.19,-0.01,5.14,12.07,32.86,32,0.14,6.15,11.77,1997-07-01,1997
8/1/1997,27.46,25.58,0.73,7.71,14.84,23.66,23.28,-0.01,4.78,10.62,32.9,32.14,0.14,5.5,10.54,1997-08-01,1997
9/1/1997,26.96,25.72,-1.84,6.53,13.4,23.89,23.36,0.96,4.51,9.38,33.16,32.28,0.79,5.22,9.4,1997-09-01,1997
10/1/1997,26.45,25.85,-1.87,6.34,11.96,24.11,23.48,0.95,6.15,8.51,33.43,32.45,0.79,6.51,8.64,1997-10-01,1997
11/1/1997,26.43,26.01,-0.07,8.11,10.98,24.31,23.61,0.81,6.53,7.77,33.61,32.62,0.55,6.78,8.05,1997-11-01,1997
12/1/1997,26.41,26.22,-0.07,10.21,10.67,24.51,23.71,0.8,5.57,7.01,33.79,32.79,0.55,6.3,7.53,1997-12-01,1997
1/1/1998,26.36,26.4,-0.19,8.82,10.25,24.61,23.84,0.45,6.61,6.62,34.03,32.99,0.7,7.37,7.21,1998-01-01,1998
2/1/1998,26.46,26.56,0.37,8.19,9.84,24.84,24,0.91,8.07,6.57,33.86,33.17,-0.49,7.15,7.08,1998-02-01,1998
3/1/1998,26.85,26.71,1.5,6.96,9.3,25.14,24.13,1.23,6.97,6.38,33.72,33.27,-0.41,3.58,6.55,1998-03-01,1998
4/1/1998,27.49,26.82,2.36,5.04,8.34,25.29,24.28,0.58,7.31,6.29,33.75,33.38,0.08,4,6.16,1998-04-01,1998
5/1/1998,27.79,26.92,1.11,4.43,7.64,25.73,24.45,1.72,8.94,6.45,34.01,33.49,0.77,4.23,5.89,1998-05-01,1998
6/1/1998,28.78,27.06,3.54,6.34,7.2,27.02,24.73,5.02,14.19,7.09,34.28,33.62,0.78,4.47,5.59,1998-06-01,1998
7/1/1998,29.6,27.25,2.86,8.58,7.23,27.12,25.02,0.38,14.63,7.89,33.74,33.69,-1.56,2.7,5.29,1998-07-01,1998
8/1/1998,29.47,27.42,-0.43,7.33,7.2,27.55,25.34,1.57,16.44,8.87,34.36,33.81,1.82,4.42,5.2,1998-08-01,1998
9/1/1998,28.84,27.58,-2.16,6.98,7.24,28.04,25.69,1.8,17.41,9.95,34.37,33.91,0.03,3.63,5.07,1998-09-01,1998
10/1/1998,28.84,27.78,0,9.02,7.46,28.55,26.06,1.8,18.39,10.98,34.52,34,0.43,3.26,4.8,1998-10-01,1998
11/1/1998,29.3,28.02,1.61,10.86,7.7,30.85,26.6,8.06,26.91,12.71,34.61,34.09,0.27,2.97,4.48,1998-11-01,1998
12/1/1998,29.56,28.28,0.88,11.91,7.86,30.87,27.13,0.05,25.96,14.43,35.23,34.21,1.81,4.27,4.31,1998-12-01,1998
1/1/1999,30.13,28.59,1.92,14.29,8.32,31.99,27.75,3.63,29.94,16.4,35.31,34.31,0.23,3.78,4.02,1999-01-01,1999
2/1/1999,30.26,28.91,0.44,14.38,8.84,31.97,28.34,-0.05,28.71,18.12,35.16,34.42,-0.44,3.83,3.76,1999-02-01,1999
3/1/1999,30.49,29.21,0.76,13.55,9.38,31.81,28.9,-0.51,26.49,19.75,35.33,34.55,0.48,4.76,3.86,1999-03-01,1999
4/1/1999,30.67,29.48,0.59,11.58,9.92,31.82,29.44,0.05,25.82,21.29,35.33,34.69,0.01,4.69,3.92,1999-04-01,1999
5/1/1999,30.95,29.74,0.91,11.36,10.5,31.9,29.96,0.25,24,22.52,35.94,34.85,1.74,5.68,4.04,1999-05-01,1999
6/1/1999,31.16,29.94,0.67,8.28,10.64,31.87,30.36,-0.1,17.95,22.77,36.31,35.02,1.01,5.92,4.17,1999-06-01,1999
7/1/1999,30.78,30.04,-1.22,3.98,10.21,31.54,30.73,-1.02,16.3,22.82,36.29,35.23,-0.05,7.54,4.57,1999-07-01,1999
8/1/1999,29.7,30.06,-3.51,0.76,9.61,31.15,31.03,-1.26,13.07,22.44,36.19,35.38,-0.26,5.34,4.65,1999-08-01,1999
9/1/1999,29.48,30.11,-0.73,2.24,9.18,30.46,31.23,-2.2,8.62,21.57,36.17,35.53,-0.05,5.26,4.78,1999-09-01,1999
10/1/1999,29.26,30.15,-0.74,1.48,8.53,30.47,31.39,0.02,6.72,20.46,36.35,35.69,0.49,5.31,4.95,1999-10-01,1999
11/1/1999,29.29,30.14,0.09,-0.04,7.6,30.59,31.37,0.41,-0.83,17.91,36.62,35.85,0.75,5.82,5.19,1999-11-01,1999
12/1/1999,29.63,30.15,1.15,0.22,6.62,31.29,31.4,2.26,1.36,15.74,36.99,36,1,4.98,5.24,1999-12-01,1999
1/1/2000,29.38,30.09,-0.83,-2.49,5.23,31.17,31.34,-0.36,-2.54,12.93,29.13,35.48,-21.24,-17.5,3.41,2000-01-01,2000
2/1/2000,29.74,30.04,1.22,-1.73,3.92,31.31,31.28,0.42,-2.07,10.37,29.59,35.02,1.58,-15.83,1.74,2000-02-01,2000
3/1/2000,30.06,30.01,1.08,-1.43,2.72,31.86,31.29,1.78,0.18,8.26,29.78,34.56,0.64,-15.7,0.01,2000-03-01,2000
4/1/2000,30.66,30.01,1.99,-0.05,1.79,32.46,31.34,1.88,2.01,6.44,30.33,34.14,1.85,-14.15,-1.57,2000-04-01,2000
5/1/2000,31.62,30.06,3.15,2.17,1.08,33.77,31.5,4.02,5.85,5.13,31.04,33.73,2.33,-13.65,-3.2,2000-05-01,2000
6/1/2000,32.99,30.22,4.32,5.87,0.92,36.29,31.86,7.48,13.88,4.95,31.58,33.34,1.75,-13.01,-4.79,2000-06-01,2000
7/1/2000,32.83,30.39,-0.48,6.67,1.16,35.99,32.23,-0.83,14.1,4.9,31.57,32.95,-0.04,-13.01,-6.48,2000-07-01,2000
8/1/2000,33.59,30.71,2.31,13.1,2.17,37.53,32.77,4.29,20.5,5.6,31.8,32.58,0.73,-12.14,-7.92,2000-08-01,2000
9/1/2000,34.06,31.09,1.39,15.51,3.26,39.36,33.51,4.87,29.21,7.29,31.41,32.18,-1.22,-13.17,-9.43,2000-09-01,2000
10/1/2000,34.26,31.51,0.61,17.08,4.52,39.93,34.3,1.45,31.05,9.25,31.44,31.77,0.08,-13.52,-10.96,2000-10-01,2000
11/1/2000,33.79,31.88,-1.37,15.38,5.77,38.72,34.97,-3.03,26.56,11.49,31.42,31.34,-0.05,-14.2,-12.59,2000-11-01,2000
12/1/2000,33.93,32.24,0.4,14.53,6.94,38.4,35.57,-0.84,22.73,13.25,31.78,30.91,1.16,-14.07,-14.15,2000-12-01,2000
1/1/2001,34.56,32.67,1.86,17.64,8.59,38.61,36.19,0.55,23.84,15.47,32.69,31.2,2.84,12.2,-12.07,2001-01-01,2001
2/1/2001,35.27,33.13,2.04,18.59,10.29,38.91,36.82,0.78,24.28,17.7,33.69,31.54,3.06,13.83,-9.93,2001-02-01,2001
3/1/2001,35.53,33.59,0.74,18.2,11.94,38.04,37.33,-2.24,19.38,19.33,34.63,31.95,2.79,16.27,-7.56,2001-03-01,2001
4/1/2001,37.78,34.18,6.34,23.23,13.92,37.72,37.77,-0.83,16.21,20.52,38.43,32.62,10.99,26.7,-4.45,2001-04-01,2001
5/1/2001,38.88,34.79,2.93,22.96,15.72,37.59,38.09,-0.35,11.32,20.94,40.41,33.4,5.15,30.21,-0.98,2001-05-01,2001
6/1/2001,38.29,35.23,-1.54,16.06,16.6,34.93,37.98,-7.08,-3.75,19.19,41.2,34.2,1.94,30.45,2.6,2001-06-01,2001
7/1/2001,39.07,35.75,2.05,19,17.65,36.41,38.01,4.25,1.18,17.93,41.97,35.07,1.87,32.95,6.45,2001-07-01,2001
8/1/2001,39.87,36.27,2.06,18.71,18.12,37.57,38.02,3.18,0.11,16.02,42.57,35.97,1.44,33.89,10.41,2001-08-01,2001
9/1/2001,40.57,36.82,1.74,19.12,18.41,37.22,37.84,-0.95,-5.45,12.92,43.83,37,2.94,39.53,14.98,2001-09-01,2001
10/1/2001,40.89,37.37,0.79,19.33,18.6,38.8,37.74,4.27,-2.82,10.05,43.09,37.98,-1.68,37.07,19.52,2001-10-01,2001
11/1/2001,39.68,37.86,-2.94,17.43,18.74,38.32,37.71,-1.24,-1.03,7.82,41.31,38.8,-4.12,31.49,23.81,2001-11-01,2001
12/1/2001,39.53,38.33,-0.4,16.49,18.87,38.45,37.71,0.34,0.15,6.04,40.97,39.57,-0.84,28.89,28.02,2001-12-01,2001
1/1/2002,40.97,38.86,3.66,18.55,18.93,40.5,37.87,5.32,4.9,4.66,42.26,40.36,3.15,29.28,29.36,2002-01-01,2002
2/1/2002,41.61,39.39,1.56,17.99,18.88,40.64,38.02,0.36,4.46,3.25,43.05,41.14,1.87,27.79,30.43,2002-02-01,2002
3/1/2002,41.7,39.9,0.22,17.38,18.79,40.72,38.24,0.2,7.06,2.43,43.3,41.87,0.58,25.04,31.05,2002-03-01,2002
4/1/2002,42.6,40.31,2.15,12.76,17.91,41.17,38.53,1.09,9.13,2,44.13,42.34,1.93,14.83,29.79,2002-04-01,2002
5/1/2002,42.84,40.64,0.57,10.18,16.8,40.92,38.81,-0.59,8.86,1.88,44.89,42.71,1.72,11.08,27.87,2002-05-01,2002
6/1/2002,42.97,41.03,0.29,12.22,16.45,41.8,39.38,2.16,19.68,3.69,45.45,43.07,1.24,10.31,25.91,2002-06-01,2002
7/1/2002,45.15,41.53,5.09,15.57,16.17,41.28,39.78,-1.25,13.37,4.66,48.31,43.6,6.3,15.11,24.3,2002-07-01,2002
8/1/2002,44.77,41.94,-0.85,12.28,15.62,42.53,40.2,3.01,13.19,5.74,47.03,43.97,-2.65,10.47,22.23,2002-08-01,2002
9/1/2002,44.61,42.28,-0.35,9.97,14.83,43.23,40.7,1.65,16.16,7.56,46.33,44.18,-1.48,5.72,19.38,2002-09-01,2002
10/1/2002,43.08,42.46,-3.43,5.37,13.63,43.78,41.11,1.27,12.82,8.93,43.39,44.2,-6.35,0.71,16.39,2002-10-01,2002
11/1/2002,44.51,42.86,3.31,12.15,13.21,45.87,41.74,4.78,19.69,10.69,44.31,44.45,2.12,7.26,14.56,2002-11-01,2002
12/1/2002,44.34,43.26,-0.38,12.17,12.88,46.53,42.41,1.45,21.01,12.46,44.71,44.76,0.89,9.14,13.14,2002-12-01,2002
1/1/2003,45.31,43.63,2.21,10.59,12.26,47,42.96,1.01,16.07,13.43,45.45,45.03,1.65,7.55,11.56,2003-01-01,2003
2/1/2003,44.64,43.88,-1.49,7.27,11.39,46.41,43.44,-1.27,14.18,14.26,44.54,45.15,-1.98,3.48,9.75,2003-02-01,2003
3/1/2003,44.15,44.08,-1.1,5.86,10.47,46.99,43.96,1.25,15.38,14.95,43.34,45.16,-2.7,0.11,7.86,2003-03-01,2003
4/1/2003,46.12,44.37,4.47,8.27,10.09,48.14,44.54,2.45,16.94,15.61,45.6,45.28,5.21,3.34,6.94,2003-04-01,2003
5/1/2003,46.56,44.68,0.94,8.67,9.96,48.12,45.14,-0.04,17.59,16.33,46.37,45.4,1.68,3.3,6.3,2003-05-01,2003
6/1/2003,48.98,45.18,5.19,13.99,10.14,51.09,45.91,6.18,22.22,16.6,48.28,45.64,4.12,6.24,5.97,2003-06-01,2003
7/1/2003,50.99,45.67,4.11,12.92,9.96,58.3,47.33,14.1,41.22,18.97,48.37,45.65,0.18,0.12,4.7,2003-07-01,2003
8/1/2003,50.34,46.14,-1.27,12.44,10,55.66,48.43,-4.53,30.87,20.47,47.46,45.68,-1.88,0.91,3.9,2003-08-01,2003
9/1/2003,52.81,46.82,4.9,18.37,10.74,58.9,49.73,5.83,36.25,22.2,49.22,45.92,3.71,6.23,3.95,2003-09-01,2003
10/1/2003,53.25,47.67,0.84,23.6,12.26,61.61,51.22,4.6,40.73,24.58,49.12,46.4,-0.21,13.2,4.97,2003-10-01,2003
11/1/2003,53.98,48.46,1.37,21.29,13.05,62.24,52.58,1.03,35.7,25.97,49.79,46.86,1.36,12.35,5.41,2003-11-01,2003
12/1/2003,54.89,49.33,1.69,23.81,14.03,62.72,53.93,0.76,34.78,27.15,51.61,47.43,3.66,15.44,5.96,2003-12-01,2003
1/1/2004,55.46,50.18,1.03,22.39,15.03,64.86,55.42,3.42,37.99,29.01,50.86,47.88,-1.46,11.9,6.33,2004-01-01,2004
2/1/2004,55.73,51.1,0.49,24.85,16.47,65.47,57.01,0.94,41.09,31.24,51.02,48.42,0.32,14.53,7.23,2004-02-01,2004
3/1/2004,54.06,51.93,-2.99,22.46,17.81,62.33,58.29,-4.81,32.64,32.59,50.1,48.98,-1.8,15.59,8.47,2004-03-01,2004
4/1/2004,54.21,52.61,0.28,17.54,18.55,58.97,59.19,-5.38,22.5,32.89,52.16,49.53,4.12,14.38,9.39,2004-04-01,2004
5/1/2004,55.77,53.37,2.87,19.78,19.44,59.4,60.13,0.72,23.43,33.21,54.74,50.23,4.94,18.05,10.62,2004-05-01,2004
6/1/2004,55.88,53.95,0.2,14.1,19.39,58.6,60.75,-1.34,14.68,32.32,55.3,50.81,1.02,14.54,11.33,2004-06-01,2004
7/1/2004,56.43,54.4,0.99,10.68,19.12,61.7,61.04,5.3,5.84,28.96,54.29,51.31,-1.84,12.23,12.4,2004-07-01,2004
8/1/2004,56.89,54.95,0.81,13.01,19.1,60.7,61.46,-1.61,9.07,26.91,55.21,51.95,1.71,16.34,13.73,2004-08-01,2004
9/1/2004,57.63,55.35,1.29,9.13,18.22,61,61.63,0.48,3.56,23.93,56.39,52.55,2.12,14.55,14.43,2004-09-01,2004
10/1/2004,58.96,55.83,2.32,10.73,17.12,63.69,61.81,4.42,3.38,20.67,56.67,53.18,0.5,15.37,14.61,2004-10-01,2004
11/1/2004,59.4,56.28,0.75,10.05,16.14,64.25,61.97,0.88,3.22,17.86,57.29,53.8,1.1,15.07,14.83,2004-11-01,2004
12/1/2004,60.39,56.74,1.65,10.01,15,66.41,62.28,3.36,5.89,15.48,57.86,54.32,1,12.11,14.53,2004-12-01,2004
1/1/2005,60.92,57.19,0.88,9.84,13.97,66.13,62.39,-0.42,1.95,12.57,58.53,54.96,1.16,15.1,14.79,2005-01-01,2005
2/1/2005,61.83,57.7,1.49,10.94,12.9,65.19,62.36,-1.41,-0.43,9.39,60.56,55.76,3.45,18.7,15.16,2005-02-01,2005
3/1/2005,62.86,58.43,1.67,16.27,12.52,64.6,62.55,-0.92,3.64,7.32,62.63,56.8,3.42,25.01,15.96,2005-03-01,2005
4/1/2005,63.94,59.24,1.71,17.93,12.61,67.12,63.23,3.9,13.81,6.83,62.74,57.68,0.18,20.28,16.46,2005-04-01,2005
5/1/2005,65.15,60.02,1.9,16.82,12.46,69.24,64.05,3.16,16.58,6.53,63.36,58.4,0.98,15.74,16.28,2005-05-01,2005
6/1/2005,66.26,60.89,1.7,18.57,12.86,68.11,64.85,-1.63,16.24,6.73,65.28,59.23,3.03,18.04,16.57,2005-06-01,2005
7/1/2005,71.18,62.12,7.42,26.12,14.18,68.33,65.4,0.32,10.75,7.14,73.65,60.85,12.83,35.67,18.6,2005-07-01,2005
8/1/2005,72.94,63.45,2.48,28.21,15.48,68.07,66.01,-0.39,12.13,7.41,76.47,62.62,3.82,38.49,20.53,2005-08-01,2005
9/1/2005,71.64,64.62,-1.78,24.32,16.75,69.91,66.75,2.71,14.61,8.31,73,64,-4.53,29.47,21.8,2005-09-01,2005
10/1/2005,69.93,65.54,-2.39,18.6,17.39,69.71,67.26,-0.29,9.44,8.82,70.59,65.16,-3.3,24.56,22.54,2005-10-01,2005
11/1/2005,68.39,66.28,-2.21,15.12,17.78,68.63,67.62,-1.55,6.82,9.11,68.58,66.1,-2.84,19.71,22.86,2005-11-01,2005
12/1/2005,67.37,66.87,-1.48,11.57,17.86,67.99,67.75,-0.93,2.39,8.78,66.84,66.85,-2.55,15.51,23.06,2005-12-01,2005
1/1/2006,67.44,67.41,0.1,10.71,17.87,68.95,67.99,1.41,4.27,8.98,67.14,67.57,0.46,14.7,22.93,2006-01-01,2006
2/1/2006,68.53,67.97,1.61,10.84,17.8,72.43,68.59,5.04,11.09,9.98,66.92,68.1,-0.33,10.51,22.13,2006-02-01,2006
3/1/2006,70.43,68.6,2.77,12.04,17.4,75.14,69.47,3.74,16.31,11.06,68.43,68.58,2.26,9.26,20.74,2006-03-01,2006
4/1/2006,71.97,69.27,2.19,12.56,16.92,78.27,70.4,4.18,16.62,11.33,68.79,69.09,0.52,9.64,19.77,2006-04-01,2006
5/1/2006,72.02,69.84,0.08,10.55,16.36,79.29,71.24,1.3,14.52,11.22,68.82,69.54,0.05,8.63,19.07,2006-05-01,2006
6/1/2006,71.88,70.31,-0.19,8.49,15.47,77.39,72.01,-2.4,13.62,11.05,69.35,69.88,0.77,6.24,17.98,2006-06-01,2006
7/1/2006,73.31,70.49,1.99,3,13.48,77.62,72.78,0.3,13.59,11.29,70.93,69.66,2.28,-3.69,14.48,2006-07-01,2006
8/1/2006,75.67,70.71,3.22,3.75,11.44,77.93,73.6,0.4,14.49,11.5,74.73,69.51,5.35,-2.27,11.01,2006-08-01,2006
9/1/2006,76.12,71.09,0.59,6.25,10.01,77.31,74.22,-0.8,10.58,11.19,76.11,69.77,1.85,4.26,9.01,2006-09-01,2006
10/1/2006,74.22,71.45,-2.5,6.13,9.02,75.99,74.74,-1.71,9.01,11.14,73.91,70.05,-2.89,4.7,7.49,2006-10-01,2006
11/1/2006,73.69,71.89,-0.7,7.76,8.45,76.95,75.44,1.26,12.12,11.56,72.28,70.35,-2.2,5.4,6.43,2006-11-01,2006
12/1/2006,73.13,72.37,-0.76,8.55,8.23,79.74,76.42,3.63,17.27,12.79,69.43,70.57,-3.95,3.88,5.56,2006-12-01,2006
1/1/2007,72.82,72.82,-0.43,7.97,8.02,82.29,77.53,3.2,19.34,14.03,67.05,70.56,-3.42,-0.13,4.43,2007-01-01,2007
2/1/2007,73.38,73.22,0.77,7.08,7.73,80.41,78.19,-2.28,11.02,14,69.14,70.75,3.11,3.32,3.89,2007-02-01,2007
3/1/2007,74.12,73.53,1.02,5.25,7.19,81.81,78.75,1.74,8.88,13.36,69.6,70.85,0.67,1.71,3.3,2007-03-01,2007
4/1/2007,75.01,73.78,1.19,4.22,6.52,82.48,79.1,0.82,5.37,12.36,70.21,70.96,0.87,2.06,2.72,2007-04-01,2007
5/1/2007,75.36,74.06,0.47,4.64,6.04,82.97,79.41,0.6,4.64,11.47,70.45,71.1,0.35,2.36,2.24,2007-05-01,2007
6/1/2007,76.51,74.44,1.52,6.43,5.88,84.85,80.03,2.26,9.64,11.13,71.57,71.29,1.59,3.2,2.01,2007-06-01,2007
7/1/2007,76.86,74.74,0.46,4.83,6.03,85.33,80.67,0.57,9.93,10.83,71.73,71.35,0.22,1.12,2.43,2007-07-01,2007
8/1/2007,78.86,75.01,2.6,4.21,6.07,86.68,81.4,1.58,11.23,10.59,73.85,71.28,2.95,-1.17,2.54,2007-08-01,2007
9/1/2007,79.25,75.27,0.5,4.12,5.88,85.41,82.07,-1.46,10.49,10.58,75.51,71.23,2.24,-0.79,2.09,2007-09-01,2007
10/1/2007,77.6,75.55,-2.09,4.55,5.74,84.11,82.75,-1.53,10.68,10.71,73.85,71.22,-2.19,-0.08,1.68,2007-10-01,2007
11/1/2007,77.5,75.87,-0.13,5.16,5.53,82.61,83.22,-1.78,7.36,10.32,74.58,71.42,0.99,3.18,1.51,2007-11-01,2007
12/1/2007,77.93,76.27,0.56,6.56,5.39,82.63,83.46,0.02,3.63,9.22,75.14,71.89,0.75,8.23,1.87,2007-12-01,2007
1/1/2008,79.06,76.79,1.45,8.57,5.45,84.38,83.64,2.12,2.54,7.88,75.53,72.6,0.52,12.65,2.88,2008-01-01,2008
2/1/2008,79.27,77.28,0.27,8.03,5.54,85.54,84.07,1.38,6.39,7.51,75.15,73.1,-0.5,8.7,3.32,2008-02-01,2008
3/1/2008,79.89,77.76,0.78,7.78,5.75,82.24,84.1,-3.86,0.54,6.8,78.24,73.82,4.11,12.41,4.2,2008-03-01,2008
4/1/2008,81.13,78.27,1.56,8.17,6.08,83.47,84.18,1.49,1.2,6.43,79.43,74.59,1.52,13.14,5.11,2008-04-01,2008
5/1/2008,82.67,78.88,1.89,9.7,6.5,85.72,84.41,2.7,3.31,6.31,80.78,75.45,1.7,14.66,6.12,2008-05-01,2008
6/1/2008,85.72,79.64,3.69,12.05,6.98,87.87,84.67,2.52,3.57,5.8,84.5,76.53,4.6,18.06,7.35,2008-06-01,2008
7/1/2008,87.58,80.54,2.16,13.95,7.76,89.39,85,1.72,4.76,5.37,86.71,77.77,2.62,20.88,9,2008-07-01,2008
8/1/2008,88.6,81.35,1.17,12.36,8.46,90.03,85.28,0.72,3.86,4.77,87.72,78.93,1.16,18.77,10.73,2008-08-01,2008
9/1/2008,89.58,82.21,1.1,13.02,9.23,91.31,85.77,1.42,6.9,4.51,88.45,80.01,0.84,17.15,12.33,2008-09-01,2008
10/1/2008,89.04,83.16,-0.6,14.74,10.08,90.77,86.33,-0.6,7.92,4.33,88.02,81.19,-0.49,19.18,13.99,2008-10-01,2008
11/1/2008,88.99,84.12,-0.05,14.83,10.88,90.33,86.97,-0.48,9.35,4.51,88.12,82.32,0.12,18.15,15.27,2008-11-01,2008
12/1/2008,89.66,85.1,0.75,15.06,11.58,91.24,87.69,1,10.42,5.06,88.64,83.44,0.59,17.97,16.07,2008-12-01,2008
1/1/2009,90.15,86.02,0.55,14.03,12.03,91.14,88.25,-0.11,8.01,5.52,89.46,84.6,0.92,18.44,16.54,2009-01-01,2009
2/1/2009,90.83,86.99,0.75,14.58,12.57,91.68,88.77,0.6,7.18,5.59,90.22,85.86,0.84,20.04,17.45,2009-02-01,2009
3/1/2009,91.36,87.94,0.59,14.37,13.1,91.98,89.58,0.33,11.84,6.51,90.94,86.92,0.81,16.23,17.74,2009-03-01,2009
4/1/2009,91.9,88.84,0.59,13.27,13.51,92.52,90.33,0.59,10.85,7.3,91.62,87.93,0.74,15.34,17.89,2009-04-01,2009
5/1/2009,93.59,89.75,1.84,13.21,13.79,94.19,91.04,1.8,9.88,7.85,93.5,88.99,2.05,15.74,17.95,2009-05-01,2009
6/1/2009,95.32,90.55,1.85,11.19,13.69,95.32,91.66,1.2,8.47,8.26,95.6,89.92,2.25,13.14,17.5,2009-06-01,2009
7/1/2009,97.29,91.36,2.07,11.09,13.44,96.8,92.28,1.55,8.28,8.55,97.87,90.85,2.37,12.87,16.81,2009-07-01,2009
8/1/2009,98.39,92.18,1.13,11.05,13.31,97.27,92.88,0.49,8.04,8.91,98.9,91.78,1.05,12.75,16.28,2009-08-01,2009
9/1/2009,98.88,92.95,0.5,10.39,13.07,98.09,93.44,0.85,7.43,8.94,99.49,92.7,0.6,12.47,15.86,2009-09-01,2009
10/1/2009,99.35,93.81,0.48,11.59,12.8,98.87,94.12,0.79,8.93,9.02,99.92,93.69,0.44,13.52,15.4,2009-10-01,2009
11/1/2009,100,94.73,0.65,12.37,12.61,100,94.93,1.14,10.7,9.14,100,94.68,0.08,13.48,15.02,2009-11-01,2009
12/1/2009,102.15,95.77,2.15,13.93,12.54,101.5,95.78,1.5,11.25,9.23,102.4,95.83,2.4,15.52,14.84,2009-12-01,2009
1/1/2010,103.13,96.85,0.96,14.4,12.59,102.14,96.7,0.63,12.06,9.57,103.7,97.01,1.27,15.92,14.67,2010-01-01,2010
2/1/2010,105.04,98.03,1.85,15.65,12.7,104.5,97.77,2.32,13.98,10.14,104.84,98.23,1.1,16.21,14.41,2010-02-01,2010
3/1/2010,104.9,99.16,-0.14,14.81,12.76,104.11,98.78,-0.37,13.18,10.27,105.3,99.43,0.44,15.79,14.39,2010-03-01,2010
4/1/2010,105.72,100.31,0.79,15.04,12.92,104.41,99.77,0.28,12.84,10.44,106.56,100.67,1.19,16.31,14.49,2010-04-01,2010
5/1/2010,105.68,101.32,-0.04,12.91,12.89,105.22,100.69,0.78,11.71,10.6,105.68,101.69,-0.83,13.02,14.27,2010-05-01,2010
6/1/2010,108.76,102.44,2.91,14.1,13.13,107.41,101.69,2.08,12.69,10.95,109.99,102.89,4.08,15.05,14.42,2010-06-01,2010
7/1/2010,109.94,103.5,1.08,13,13.28,107.72,102.6,0.29,11.29,11.19,111.61,104.03,1.47,14.04,14.51,2010-07-01,2010
8/1/2010,111.87,104.62,1.76,13.7,13.5,109.3,103.61,1.47,12.37,11.55,113.82,105.28,1.98,15.09,14.71,2010-08-01,2010
9/1/2010,112.38,105.74,0.46,13.65,13.76,110.68,104.65,1.26,12.83,12,113.98,106.48,0.14,14.57,14.87,2010-09-01,2010
10/1/2010,112.72,106.86,0.3,13.45,13.91,111.89,105.74,1.1,13.17,12.35,113.98,107.65,0,14.07,14.91,2010-10-01,2010
11/1/2010,112.77,107.92,0.04,12.77,13.93,111.75,106.72,-0.13,11.75,12.42,114.35,108.85,0.33,14.35,14.97,2010-11-01,2010
12/1/2010,114.22,108.93,1.29,11.82,13.74,112.58,107.64,0.75,10.92,12.38,115.4,109.93,0.92,12.7,14.72,2010-12-01,2010
1/1/2011,115.59,109.97,1.2,12.08,13.54,114.51,108.67,1.72,12.12,12.39,114.33,110.82,-0.93,10.26,14.23,2011-01-01,2011
2/1/2011,116.7,110.94,0.96,11.1,13.16,115.54,109.59,0.9,10.57,12.1,117.65,111.89,2.9,12.22,13.9,2011-02-01,2011
3/1/2011,118.3,112.05,1.37,12.78,13,117.45,110.71,1.65,12.81,12.08,118.12,112.96,0.4,12.17,13.61,2011-03-01,2011
4/1/2011,117.66,113.05,-0.54,11.29,12.69,117.86,111.83,0.34,12.88,12.09,118.95,113.99,0.71,11.63,13.23,2011-04-01,2011
5/1/2011,118.73,114.14,0.91,12.35,12.65,118.9,112.97,0.89,13.01,12.2,118.55,115.06,-0.34,12.18,13.15,2011-05-01,2011
6/1/2011,119.89,115.06,0.97,10.23,12.32,119.79,114,0.74,11.52,12.1,120.13,115.91,1.34,9.22,12.65,2011-06-01,2011
7/1/2011,120.27,115.93,0.32,9.4,12.01,120.08,115.03,0.24,11.47,12.11,120.4,116.64,0.23,7.88,12.12,2011-07-01,2011
8/1/2011,122.27,116.79,1.67,9.3,11.64,121.17,116.02,0.91,10.86,11.98,123.68,117.46,2.72,8.66,11.57,2011-08-01,2011
9/1/2011,124,117.76,1.41,10.34,11.36,123.48,117.08,1.91,11.57,11.88,124.78,118.36,0.89,9.48,11.15,2011-09-01,2011
10/1/2011,124.6,118.75,0.49,10.54,11.13,124.8,118.16,1.07,11.54,11.75,124.98,119.28,0.16,9.66,10.8,2011-10-01,2011
11/1/2011,124.65,119.74,0.04,10.54,10.95,124.55,119.23,-0.2,11.46,11.72,125.35,120.19,0.3,9.62,10.42,2011-11-01,2011
12/1/2011,125.97,120.72,1.06,10.28,10.83,124.76,120.24,0.17,10.82,11.71,128.12,121.25,2.21,11.02,10.3,2011-12-01,2011
1/1/2012,130.19,121.94,3.35,12.63,10.89,129.11,121.46,3.48,12.75,11.77,129.26,122.5,0.89,13.05,10.54,2012-01-01,2012
2/1/2012,130.55,123.09,0.28,11.87,10.95,129.3,122.6,0.14,11.9,11.87,129.1,123.45,-0.13,9.73,10.34,2012-02-01,2012
3/1/2012,132.63,124.28,1.59,12.11,10.91,135.06,124.07,4.46,15,12.07,132.11,124.62,2.34,11.85,10.33,2012-03-01,2012
4/1/2012,132.8,125.55,0.13,12.87,11.05,135.18,125.52,0.09,14.7,12.24,132.33,125.73,0.16,11.25,10.3,2012-04-01,2012
5/1/2012,133.8,126.8,0.75,12.69,11.1,136.65,127,1.08,14.93,12.42,133.89,127.01,1.18,12.94,10.39,2012-05-01,2012
6/1/2012,135.34,128.09,1.15,12.89,11.32,137.99,128.51,0.98,15.2,12.73,134.54,128.21,0.48,11.99,10.62,2012-06-01,2012
7/1/2012,135.66,129.37,0.24,12.8,11.6,138.14,130.02,0.11,15.04,13.03,134.96,129.43,0.32,12.09,10.96,2012-07-01,2012
8/1/2012,136.57,130.56,0.67,11.69,11.79,139,131.5,0.62,14.71,13.35,135.94,130.45,0.72,9.91,11.06,2012-08-01,2012
9/1/2012,137.95,131.73,1.01,11.25,11.86,139.66,132.85,0.47,13.1,13.47,137.47,131.5,1.12,10.16,11.1,2012-09-01,2012
10/1/2012,139.17,132.94,0.88,11.69,11.95,140.28,134.14,0.44,12.4,13.53,138.81,132.66,0.98,11.06,11.22,2012-10-01,2012
11/1/2012,140.01,134.22,0.6,12.32,12.09,140.86,135.5,0.41,13.09,13.65,139.84,133.86,0.74,11.55,11.37,2012-11-01,2012
12/1/2012,141.06,135.48,0.75,11.98,12.22,141.84,136.92,0.7,13.69,13.87,141.19,134.95,0.97,10.2,11.3,2012-12-01,2012
1/1/2013,141.94,136.46,0.62,9.03,11.91,143.75,138.14,1.35,11.34,13.74,142.32,136.04,0.8,10.11,11.05,2013-01-01,2013
2/1/2013,143,137.5,0.75,9.54,11.7,143.76,139.35,0,11.18,13.66,143.26,137.22,0.66,10.97,11.15,2013-02-01,2013
3/1/2013,144.02,138.44,0.71,8.59,11.39,144.76,140.16,0.7,7.18,12.96,144.64,138.26,0.96,9.48,10.95,2013-03-01,2013
4/1/2013,144.82,139.45,0.55,9.05,11.07,144.48,140.93,-0.2,6.87,12.28,145.57,139.37,0.64,10.01,10.84,2013-04-01,2013
5/1/2013,145.79,140.45,0.67,8.96,10.76,145.16,141.64,0.47,6.23,11.53,146.37,140.41,0.55,9.32,10.55,2013-05-01,2013
6/1/2013,146.65,141.39,0.59,8.35,10.38,145.55,142.27,0.27,5.47,10.7,147.46,141.49,0.75,9.61,10.35,2013-06-01,2013
7/1/2013,147.44,142.37,0.54,8.68,10.05,147.23,143.03,1.16,6.58,10.01,148.45,142.61,0.67,9.99,10.19,2013-07-01,2013
8/1/2013,147.81,143.31,0.25,8.23,9.76,149.07,143.87,1.25,7.25,9.4,149.16,143.71,0.48,9.72,10.17,2013-08-01,2013
9/1/2013,148.9,144.2,0.8,8,9.5,150,144.7,0.6,7.4,8.9,150.4,144.8,0.9,9.4,10.1,2013-09-01,2013
10/1/2013,150,145.1,0.7,7.8,9.2,150.9,145.6,0.6,7.6,8.6,151.6,145.9,0.8,9.2,10,2013-10-01,2013
11/1/2013,151.1,146.1,0.7,7.9,8.8,151.8,146.5,0.6,7.8,8.1,152.9,146.9,0.8,9.3,9.8,2013-11-01,2013
12/1/2013,152.29,146.99,0.78,7.96,8.5,153,147.45,0.81,7.87,7.69,154.25,148.04,0.91,9.25,9.7,2013-12-01,2013
1/1/2014,153.26,147.93,0.64,7.98,8.41,153.31,148.25,0.2,6.65,7.32,155.52,149.14,0.82,9.27,9.63,2014-01-01,2014
2/1/2014,154.03,148.85,0.5,7.71,8.26,154.06,149.11,0.49,7.17,7,156.45,150.23,0.6,9.21,9.48,2014-02-01,2014
3/1/2014,155.23,149.78,0.78,7.78,8.19,154.66,149.93,0.39,6.84,6.98,158.02,151.35,1,9.25,9.46,2014-03-01,2014
4/1/2014,156.19,150.73,0.62,7.85,8.09,155.32,150.84,0.43,7.51,7.03,159.27,152.49,0.79,9.41,9.42,2014-04-01,2014
5/1/2014,157.4,151.7,0.8,8,8,156.3,151.8,0.6,7.7,7.2,160.6,153.7,0.8,9.7,9.4,2014-05-01,2014
6/1/2014,158.62,152.7,0.77,8.17,8,157.37,152.75,0.67,8.12,7.37,161.88,154.88,0.82,9.78,9.46,2014-06-01,2014
7/1/2014,159.65,153.71,0.65,8.28,7.97,157.71,153.63,0.22,7.12,7.41,163.11,156.1,0.77,9.88,9.46,2014-07-01,2014
8/1/2014,160.42,154.76,0.48,8.53,8,158.41,154.4,0.45,6.26,7.33,164.01,157.34,0.55,9.96,9.48,2014-08-01,2014
9/1/2014,161.31,155.8,0.55,8.32,8.03,159.43,155.19,0.64,6.28,7.23,165,158.55,0.6,9.68,9.5,2014-09-01,2014
10/1/2014,162.13,156.8,0.51,8.06,8.05,160.34,155.98,0.58,6.25,7.12,165.82,159.73,0.5,9.34,9.51,2014-10-01,2014
11/1/2014,163.1,157.8,0.6,7.9,8,161.3,156.8,0.6,6.3,7,166.8,160.9,0.6,9.1,9.5,2014-11-01,2014
12/1/2014,164.4,158.8,0.8,8,8,162.5,157.6,0.8,6.2,6.9,168.4,162.1,0.9,9.2,9.5,2014-12-01,2014
1/1/2015,165.77,159.86,0.81,8.16,8.06,163.72,158.43,0.73,6.79,6.86,169.85,163.27,0.88,9.21,9.47,2015-01-01,2015
2/1/2015,166.9,160.93,0.68,8.36,8.12,164.83,159.33,0.68,6.99,6.85,171.1,164.49,0.74,9.36,9.49,2015-02-01,2015
3/1/2015,168.4,162,0.9,8.5,8.2,166.2,160.3,0.8,7.5,6.9,172.8,165.7,1,9.4,9.5,2015-03-01,2015
4/1/2015,169.7,163.2,0.8,8.7,8.2,167.2,161.3,0.6,7.7,6.9,174.4,167,0.9,9.5,9.5,2015-04-01,2015
5/1/2015,171.58,164.34,1.1,9,8.33,169.23,162.35,1.2,8.25,6.97,176.27,168.29,1.08,9.78,9.51,2015-05-01,2015
6/1/2015,173.17,165.55,0.93,9.17,8.42,170.59,163.46,0.8,8.4,7.01,178.13,169.64,1.06,10.04,9.53,2015-06-01,2015
7/1/2015,174.37,166.77,0.69,9.22,8.5,171.64,164.62,0.61,8.83,7.15,179.5,171.01,0.77,10.05,9.55,2015-07-01,2015
8/1/2015,175.4,168.02,0.59,9.34,8.57,172.69,165.81,0.61,9.01,7.38,180.63,172.39,0.63,10.13,9.57,2015-08-01,2015
9/1/2015,176.5,169.3,0.6,9.4,8.7,173.7,167,0.6,8.9,7.6,181.8,173.8,0.6,10.2,9.6,2015-09-01,2015
10/1/2015,177.2,170.5,0.4,9.3,8.8,174.4,168.2,0.4,8.7,7.8,182.6,175.2,0.5,10.1,9.7,2015-10-01,2015
11/1/2015,178.37,171.81,0.66,9.37,8.88,175.35,169.33,0.57,8.73,8.02,184.06,176.63,0.79,10.32,9.78,2015-11-01,2015
12/1/2015,180.15,173.12,0.99,9.55,9.01,176.71,170.52,0.78,8.73,8.22,186.2,178.11,1.16,10.59,9.9,2015-12-01,2015
1/1/2016,181.7,174.5,0.9,9.6,9.1,178.2,171.7,0.8,8.8,8.4,187.9,179.6,0.9,10.6,10,2016-01-01,2016
2/1/2016,185.9,176,2.3,11.4,9.4,183,173.2,2.7,11,8.7,190.5,181.2,1.4,11.3,10.2,2016-02-01,2016
3/1/2016,189.94,177.83,2.17,12.77,9.75,186.42,174.92,1.85,12.17,9.13,194.87,183.07,2.29,12.74,10.47,2016-03-01,2016
4/1/2016,192.99,179.77,1.61,13.72,10.18,189.55,176.78,1.68,13.35,9.61,197.4,184.99,1.3,13.19,10.79,2016-04-01,2016
5/1/2016,198.3,182,2.75,15.58,10.75,194.7,178.91,2.72,15.05,10.2,202.46,187.17,2.57,14.86,11.22,2016-05-01,2016
6/1/2016,201.7,184.37,1.71,16.48,11.37,198.27,181.21,1.83,16.22,10.86,205.39,189.44,1.44,15.3,11.67,2016-06-01,2016
7/1/2016,204.23,186.86,1.25,17.13,12.04,200.69,183.63,1.22,16.93,11.55,207.87,191.81,1.21,15.8,12.16,2016-07-01,2016
8/1/2016,206.29,189.44,1.01,17.61,12.74,202.4,186.11,0.85,17.21,12.25,210.3,194.28,1.17,16.43,12.7,2016-08-01,2016
9/1/2016,207.96,192.06,0.81,17.85,13.45,204.34,188.67,0.96,17.67,12.98,212,196.8,0.81,16.62,13.24,2016-09-01,2016
10/1/2016,209.68,194.77,0.83,18.33,14.21,205.86,191.29,0.75,18.07,13.76,213.82,199.4,0.86,17.09,13.82,2016-10-01,2016
11/1/2016,211.33,197.51,0.78,18.48,14.96,207.33,193.96,0.71,18.24,14.54,215.7,202.04,0.88,17.19,14.39,2016-11-01,2016
12/1/2016,213.56,200.3,1.06,18.55,15.7,208.61,196.62,0.62,18.05,15.31,218.58,204.73,1.33,17.39,14.95,2016-12-01,2016
1/1/2017,215.72,203.13,1.01,18.72,16.44,210.03,199.27,0.68,17.87,16.04,221.4,207.52,1.29,17.82,15.54,2017-01-01,2017
2/1/2017,218.95,205.89,1.49,17.78,16.96,212.34,201.71,1.1,16.01,16.44,225.81,210.47,1.99,18.53,16.13,2017-02-01,2017
3/1/2017,222.71,208.62,1.72,17.26,17.32,215.14,204.11,1.32,15.4,16.68,230.8,213.46,2.21,18.44,16.6,2017-03-01,2017
4/1/2017,226.27,211.39,1.6,17.24,17.59,217.51,206.43,1.1,14.75,16.77,235.5,216.63,2.04,19.3,17.11,2017-04-01,2017
5/1/2017,230.53,214.08,1.88,16.25,17.63,220.05,208.55,1.17,13.02,16.57,241.47,219.89,2.54,19.27,17.48,2017-05-01,2017
6/1/2017,234.17,216.78,1.58,16.1,17.58,222.96,210.6,1.32,12.46,16.22,246.29,223.29,1.99,19.91,17.87,2017-06-01,2017
7/1/2017,237.02,219.52,1.21,16.05,17.47,225.19,212.65,1,12.21,15.8,250.03,226.81,1.52,20.28,18.25,2017-07-01,2017
8/1/2017,239.32,222.27,0.97,16.01,17.33,227.29,214.72,0.93,12.3,15.37,252.89,230.36,1.14,20.25,18.57,2017-08-01,2017
9/1/2017,241.19,225.04,0.78,15.98,17.17,229.11,216.78,0.8,12.12,14.9,255.08,233.95,0.87,20.32,18.88,2017-09-01,2017
10/1/2017,243.03,227.82,0.76,15.91,16.97,230.86,218.87,0.76,12.14,14.41,257.24,237.56,0.85,20.31,19.14,2017-10-01,2017
11/1/2017,244.93,230.62,0.78,15.9,16.76,232.64,220.98,0.77,12.21,13.93,259.5,241.22,0.88,20.31,19.39,2017-11-01,2017
12/1/2017,246.38,233.35,0.59,15.37,16.5,233.83,223.08,0.51,12.09,13.46,261.01,244.75,0.58,19.42,19.55,2017-12-01,2017
1/1/2018,248.35,236.07,0.8,15.13,16.22,235.42,225.19,0.68,12.09,13.01,263.29,248.24,0.87,18.92,19.62,2018-01-01,2018
2/1/2018,250.32,238.69,0.79,14.33,15.93,237.2,227.27,0.75,11.71,12.67,265.52,251.55,0.85,17.59,19.52,2018-02-01,2018
3/1/2018,252.41,241.16,0.84,13.34,15.6,239.19,229.27,0.84,11.18,12.33,267.91,254.64,0.9,16.08,19.29,2018-03-01,2018
4/1/2018,254.52,243.52,0.83,12.48,15.2,241.26,231.25,0.87,10.92,12.02,270.35,257.55,0.91,14.8,18.89,2018-04-01,2018
5/1/2018,257.29,245.75,1.09,11.61,14.79,243.61,233.21,0.98,10.71,11.83,273.94,260.25,1.33,13.45,18.36,2018-05-01,2018
6/1/2018,260.47,247.94,1.24,11.23,14.37,246.12,235.14,1.03,10.39,11.65,278.25,262.92,1.57,12.98,17.75,2018-06-01,2018
7/1/2018,263.42,250.14,1.13,11.14,13.95,248.12,237.05,0.81,10.18,11.48,282.16,265.6,1.4,12.85,17.1,2018-07-01,2018
8/1/2018,266.18,252.38,1.05,11.23,13.55,250.05,238.95,0.78,10.02,11.28,286.17,268.37,1.42,13.16,16.5,2018-08-01,2018
9/1/2018,268.41,254.64,0.84,11.28,13.16,251.65,240.83,0.64,9.84,11.09,289.03,271.2,1,13.31,15.92,2018-09-01,2018
10/1/2018,270.39,256.92,0.74,11.26,12.78,253.67,242.73,0.8,9.88,10.9,291.39,274.04,0.82,13.28,15.36,2018-10-01,2018
11/1/2018,272.56,259.23,0.8,11.28,12.41,255.41,244.63,0.68,9.79,10.7,294.02,276.92,0.9,13.3,14.8,2018-11-01,2018
12/1/2018,274.57,261.58,0.74,11.44,12.1,256.68,246.53,0.5,9.77,10.51,296.4,279.87,0.81,13.56,14.35,2018-12-01,2018
1/1/2019,276.6,263.93,0.74,11.37,11.8,258.75,248.48,0.81,9.91,10.34,298.85,282.83,0.83,13.51,13.93,2019-01-01,2019
2/1/2019,278.62,266.29,0.73,11.31,11.56,260.44,250.41,0.65,9.8,10.19,301.3,285.81,0.82,13.47,13.62,2019-02-01,2019
3/1/2019,280.81,268.66,0.79,11.25,11.4,261.82,252.3,0.53,9.46,10.04,303.94,288.82,0.88,13.45,13.42,2019-03-01,2019
4/1/2019,283.46,271.07,0.94,11.37,11.31,263.65,254.16,0.7,9.28,9.91,307.4,291.9,1.14,13.7,13.34,2019-04-01,2019
5/1/2019,286.61,273.51,1.11,11.4,11.3,265.62,256,0.75,9.03,9.77,311.73,295.05,1.41,13.79,13.37,2019-05-01,2019
6/1/2019,289.69,275.95,1.07,11.22,11.3,267.88,257.81,0.85,8.84,9.64,315.97,298.2,1.36,13.56,13.42,2019-06-01,2019
7/1/2019,292.62,278.38,1.01,11.08,11.29,269.95,259.63,0.77,8.8,9.52,319.94,301.35,1.26,13.39,13.46,2019-07-01,2019
8/1/2019,295.51,280.82,0.99,11.02,11.27,271.75,261.44,0.67,8.68,9.41,323.85,304.49,1.22,13.17,13.46,2019-08-01,2019
9/1/2019,298.59,283.34,1.04,11.24,11.27,274.16,263.32,0.89,8.94,9.34,328.07,307.74,1.3,13.51,13.47,2019-09-01,2019
10/1/2019,301.78,285.95,1.07,11.61,11.3,276.19,265.19,0.74,8.88,9.25,332.44,311.16,1.33,14.09,13.54,2019-10-01,2019
11/1/2019,304.87,288.65,1.02,11.85,11.35,278.38,267.11,0.79,8.99,9.19,336.6,314.71,1.25,14.48,13.65,2019-11-01,2019
12/1/2019,307.47,291.39,0.85,11.98,11.4,280.63,269.1,0.81,9.33,9.15,339.88,318.33,0.97,14.67,13.74,2019-12-01,2019
1/1/2020,310.16,294.18,0.87,12.13,11.46,282.94,271.12,0.82,9.35,9.11,343.23,322.03,0.99,14.85,13.86,2020-01-01,2020
2/1/2020,312.61,297.02,0.79,12.2,11.54,285.01,273.17,0.73,9.43,9.09,346.2,325.77,0.87,14.9,13.98,2020-02-01,2020
3/1/2020,315.23,299.88,0.84,12.26,11.62,287.3,275.29,0.8,9.73,9.11,349.46,329.56,0.94,14.98,14.11,2020-03-01,2020
4/1/2020,318.45,302.8,1.02,12.34,11.71,289.96,277.48,0.93,9.98,9.17,353.59,333.41,1.18,15.03,14.22,2020-04-01,2020
5/1/2020,322.17,305.76,1.17,12.4,11.79,292.5,279.72,0.88,10.12,9.27,358.6,337.32,1.42,15.04,14.33,2020-05-01,2020
6/1/2020,326.07,308.79,1.21,12.56,11.9,295.01,281.98,0.86,10.13,9.37,363.93,341.32,1.48,15.18,14.46,2020-06-01,2020
7/1/2020,330.14,311.92,1.25,12.82,12.05,297.22,284.25,0.75,10.1,9.48,369.47,345.44,1.52,15.48,14.63,2020-07-01,2020
8/1/2020,334.57,315.18,1.34,13.22,12.23,300.34,286.64,1.05,10.52,9.64,375.66,349.76,1.67,16,14.87,2020-08-01,2020
9/1/2020,339.52,318.59,1.48,13.71,12.44,303.17,289.05,0.94,10.58,9.77,382.72,354.32,1.88,16.66,15.13,2020-09-01,2020
10/1/2020,344.73,322.17,1.54,14.23,12.66,306.95,291.62,1.25,11.14,9.96,390.21,359.13,1.96,17.38,15.42,2020-10-01,2020
11/1/2020,350.26,325.95,1.6,14.89,12.92,309.14,294.18,0.71,11.05,10.14,398.19,364.26,2.04,18.3,15.75,2020-11-01,2020
12/1/2020,355.91,329.98,1.61,15.75,13.25,312.55,296.84,1.1,11.37,10.31,406.36,369.8,2.05,19.56,16.17,2020-12-01,2020
1/1/2021,361.23,334.24,1.49,16.47,13.62,316.48,299.64,1.26,11.85,10.52,413.82,375.69,1.83,20.57,16.66,2021-01-01,2021
2/1/2021,366.8,338.76,1.54,17.33,14.05,320.3,302.58,1.21,12.38,10.77,421.63,381.97,1.89,21.79,17.25,2021-02-01,2021
3/1/2021,372.51,343.53,1.56,18.17,14.55,323.71,305.61,1.06,12.67,11.01,429.66,388.65,1.9,22.95,17.93,2021-03-01,2021
4/1/2021,376.14,348.34,0.97,18.12,15.04,326.91,308.69,0.99,12.74,11.25,433.92,395.35,0.99,22.72,18.58,2021-04-01,2021
5/1/2021,379.94,353.15,1.01,17.93,15.5,330.95,311.89,1.24,13.15,11.5,438.49,402.01,1.05,22.28,19.18,2021-05-01,2021
6/1/2021,383.96,357.98,1.06,17.75,15.93,333.64,315.11,0.81,13.09,11.75,443.37,408.63,1.11,21.83,19.72,2021-06-01,2021
7/1/2021,387.51,362.76,0.93,17.38,16.3,338,318.51,1.31,13.72,12.05,447.18,415.1,0.86,21.03,20.16,2021-07-01,2021
