Year,Narrow_Money,Money_Supply_M3,Net_Foreign_Assets,Net_Domestic_Credit,Credit_to_Government,Credit_to_Private_Sector,Base_Money,Currency_in_Circulation,Bank_Reserves,Currency_Outside_Banks,Demand_Deposits,Quasi_Money,Net_Domestic_Assets,Credit_To_GovernmentFed,Mirror_Accounts,Other_Assets_Net,Money_Supply_M2,CBN_Bills,Special_Intervention_Reserves,Dates,Dates_year,Date_year
8/1/1993,103647.23,,63771.56,231515.61,84563.83,146951.78,99819.33,56390.23,43429.1,53101.13,50546.1,71986.4,111861.97,,,-119653.64,175633.63,,,1993-08-01,NULL,1993
9/1/1993,100883.48,,61685.12,242332.63,87338.2,154994.44,100507.61,55361.21,45146.4,51650.51,49232.96,75235.8,114434.15,,,-127898.48,176119.28,,,1993-09-01,NULL,1993
10/1/1993,103139.81,,64241.62,240850.52,85225.16,155625.36,99190.65,54976.45,44214.2,50907.25,52232.55,83624.8,122522.98,,,-118327.54,186764.61,,,1993-10-01,NULL,1993
11/1/1993,106314.32,,62183.54,244774.54,85835.15,158939.39,100915.74,56744.24,44171.5,53064.04,53250.28,85276.9,129407.68,,,-115366.86,191591.22,,,1993-11-01,NULL,1993
12/1/1993,118753.4,,63559.13,280657.57,185167.91,95489.66,107059.27,62570.97,44488.3,57845.07,60908.33,79725.8,134919.97,,,-145737.6,198479.2,,,1993-12-01,NULL,1993
1/1/1993,74220.52,,39614.95,171986.77,90299.12,81687.64,77642.96,38709.66,38933.3,35940.76,38279.76,58219.3,92824.89,,,-79161.88,132439.82,,,1993-01-01,NULL,1993
2/1/1993,76569.18,,45742.38,180516.73,78001.97,102514.75,76239.97,38580.37,37659.6,35812.47,40756.7,61390.6,92217.5,,,-88299.23,137959.78,,,1993-02-01,NULL,1993
3/1/1993,82425.75,,46418.28,183437.12,83980.27,99456.86,91160.77,42858.67,48302.1,39172.47,43253.28,64146.1,100153.57,,,-83283.55,146571.85,,,1993-03-01,NULL,1993
4/1/1993,95139.53,,63651.66,203696.81,84521.29,119175.52,94448.21,44622.21,49826,41580.31,53559.22,63971.5,95459.37,,,-108237.44,159111.03,,,1993-04-01,NULL,1993
5/1/1993,88589.16,,59172.4,204013.71,75546.66,128467.05,92761.42,46643.12,46118.3,43747.12,44842.04,64417.2,93833.86,,,-110179.85,153006.36,,,1993-05-01,NULL,1993
6/1/1993,91429.18,,64137.99,205474.23,71209.25,134264.98,93221.16,47850.76,45370.4,44616.46,46812.72,68022.2,95313.39,,,-110160.84,159451.38,,,1993-06-01,NULL,1993
7/1/1993,96050.64,,65430.84,220585.03,72739.94,147845.09,92635.94,50241.24,42394.7,47301.14,48749.5,70886.2,101506,,,-119079.03,166936.84,,,1993-07-01,NULL,1993
1/1/1994,121706.96,,55241.5,300056.73,173401.5,126655.23,102393.43,58864.73,43528.7,54675.83,67031.13,86313.5,152779.06,,,-147277.67,208020.46,,,1994-01-01,NULL,1994
2/1/1994,122581.07,,55171.18,334930.71,206718.18,128212.54,130608.24,57835.14,72773.1,53708.64,68872.44,89129.8,156539.69,,,-178391.02,211710.87,,,1994-02-01,NULL,1994
3/1/1994,118585.49,,55002.14,333968.05,196487.72,137480.33,139615.41,57910.71,81704.7,54731.91,63853.58,89616.3,153199.56,,,-180768.49,208201.79,,,1994-03-01,NULL,1994
4/1/1994,122437.36,,52121.31,351377.97,207459.63,143918.34,137007.22,57812.22,79195,54132.82,68304.54,89006.8,159323.05,,,-192054.92,211444.16,,,1994-04-01,NULL,1994
5/1/1994,129613.29,,51840.44,345425.05,200507.53,144917.52,116648.28,59084.28,57564,54739.08,74874.21,89980.9,167753.75,,,-177671.3,219594.19,,,1994-05-01,NULL,1994
6/1/1994,131551.16,,52324.04,344220.79,200380.57,143840.21,118573.93,59815.73,58758.2,55790.83,75760.33,96713.6,175940.72,,,-168280.07,228264.76,,,1994-06-01,NULL,1994
7/1/1994,129020.16,,50759.51,336021.34,186156.16,149865.18,112946.34,62574.64,50371.7,58657.04,70363.13,95534.5,173795.25,,,-162226.09,224554.66,,,1994-07-01,NULL,1994
8/1/1994,135863.39,,34666.53,361480.23,213501.8,147978.43,135845.82,69640.82,66205,64993.52,70869.88,97187.3,198384.16,,,-163096.07,233050.69,,,1994-08-01,NULL,1994
9/1/1994,142776.94,,34978.21,346953.23,201975.98,144977.25,126961.99,72200.69,54761.3,68182.89,74594.05,100022.3,207821.03,,,-139132.2,242799.24,,,1994-09-01,NULL,1994
10/1/1994,152729.65,,33932.49,350791.46,201061.53,149729.93,116551.95,75934.35,40617.6,71293.75,81435.9,98341,217138.36,,,-133653.1,251070.65,,,1994-10-01,NULL,1994
11/1/1994,160251.47,,35011.69,365523.23,213007.95,152515.28,123402.99,84100.69,39302.3,79358.69,80892.78,97603.3,222843.08,,,-142680.15,257854.77,,,1994-11-01,NULL,1994
12/1/1994,169391.49,,56220.28,439113.79,288113.54,151000.26,151736.84,96166.5,55570.34,90601,78790.49,97553.4,210724.6,,,-228389.19,266944.89,,,1994-12-01,NULL,1994
1/1/1995,173215.37,,64436.54,379294.8,231027.6,148267.19,141727.5,91304.3,50423.2,85052.3,88163.07,101969.5,210748.33,,,-168546.47,275184.87,,,1995-01-01,NULL,1995
2/1/1995,174636.15,,84111.98,379321.12,227096.91,152224.21,173599.79,92529.29,81070.5,86757.39,87878.76,114792,205316.07,,,-174005.05,289428.15,,,1995-02-01,NULL,1995
3/1/1995,158153.66,,105297.76,330855.85,183781.44,147074.42,140885.53,91116.53,49769,86364.43,71789.23,96369.4,149225.29,,,-181630.56,254523.06,,,1995-03-01,NULL,1995
4/1/1995,168931.29,,99444.93,375525.48,210448.84,165076.64,158028.87,92911.67,65117.2,86916.07,82015.23,108940.1,178426.47,,,-197099.01,277871.39,,,1995-04-01,NULL,1995
5/1/1995,158149.64,,99734.72,363195.42,187648.79,175546.63,144202.94,93593.94,50609,86415.44,71734.2,109613.2,168028.13,,,-195167.29,267762.84,,,1995-05-01,NULL,1995
6/1/1995,177099.2,,121273.41,355359.74,175104.63,180255.12,153008.19,93622.69,59385.5,87449.39,89649.82,113569.5,169395.22,,,-185964.52,290668.7,,,1995-06-01,NULL,1995
7/1/1995,167208.05,,124553.44,336354.18,145843.31,190510.87,146112.32,93870.92,52241.4,86888.92,80319.14,116615.5,159270.12,,,-177084.06,283823.55,,,1995-07-01,NULL,1995
8/1/1995,184822.58,,124919.44,342827.45,153430.32,189397.13,146553.19,95052.89,51500.3,88459.19,96363.39,118367.8,178271.04,,,-164556.41,303190.38,,,1995-08-01,NULL,1995
9/1/1995,180965.57,,110984.24,360793.98,167317.32,193476.65,176622.05,95292.85,81329.2,89467.85,91497.73,120947.8,190929.14,,,-169864.84,301913.37,,,1995-09-01,NULL,1995
10/1/1995,179900.79,,125663.38,335578.26,134557.19,201021.06,148508.74,97707.14,50801.6,90682.34,89218.45,120601.2,174838.61,,,-160739.65,300501.99,,,1995-10-01,NULL,1995
11/1/1995,189306.14,,108889.36,353365.86,147517.26,205848.6,154159.58,103582.58,50577,97369.68,91936.46,116154.9,196571.79,,,-156794.07,305461.04,,,1995-11-01,NULL,1995
12/1/1995,201414.47,,108663.01,474361.37,263002.77,211358.6,167693.34,113940.84,53752.5,106843.44,94571.02,117349,210100.45,,,-264260.92,318763.47,,,1995-12-01,NULL,1995
1/1/1996,202196,,107719.14,408136.43,189584.97,218551.45,158178.48,107489.88,50688.6,100396.38,101799.63,122163.9,216640.76,,,-191495.67,324359.9,,,1996-01-01,NULL,1996
2/1/1996,202754.55,,112015.38,320390.05,100761.03,219629.02,173421.27,107522.47,65898.8,99494.27,103260.29,122362.2,213101.37,,,-107288.68,325116.75,,,1996-02-01,NULL,1996
3/1/1996,203313.96,,119129.05,398212.39,180252.06,217960.33,166030.4,106943.5,59086.9,101105.8,102208.16,125400.7,209585.61,,,-188626.78,328714.66,,,1996-03-01,NULL,1996
4/1/1996,212894.15,,125166.45,435322.24,206802.8,228519.44,166449.52,110370.02,56079.5,103580.82,109313.33,130816,218543.61,,,-216778.63,343710.15,,,1996-04-01,NULL,1996
5/1/1996,207906.71,,137261.62,412929.87,184747.04,228182.83,171043.68,108807.08,62236.6,102819.78,105086.94,130208.6,200853.79,,,-212076.08,338115.31,,,1996-05-01,NULL,1996
6/1/1996,213250.2,,122222.28,451252.74,216415.04,234837.7,170765.82,108282.42,62483.4,101502.12,111748.08,140761.3,231789.12,,,-219463.62,354011.5,,,1996-06-01,NULL,1996
7/1/1996,205875.77,,121212.48,443929.81,208923.58,235006.23,171828.66,109724.96,62103.7,102006.06,103869.71,138629.1,223292.38,,,-220637.43,344504.87,,,1996-07-01,NULL,1996
8/1/1996,210306.54,,124373.49,438426.24,193604.36,244821.88,165511.51,111987.31,53524.2,104530.81,105775.73,141707,227640.06,,,-210786.18,352013.54,,,1996-08-01,NULL,1996
9/1/1996,209306.59,,131925.55,431397.81,179417.38,251980.43,166489.07,110769.07,55720,103553.87,105752.72,142604.7,219985.74,,,-211412.07,351911.29,,,1996-09-01,NULL,1996
10/1/1996,209605.99,,131691.68,436168.32,177448.51,258719.81,164856.45,111485.95,53370.5,103834.15,105771.83,144445.8,222360.11,,,-213808.21,354051.79,,,1996-10-01,NULL,1996
11/1/1996,214446.37,,150715.14,423070.59,158734.44,264336.15,166917.38,115813.18,51104.2,108240.38,106205.99,148957.9,212689.14,,,-210381.45,363404.27,,,1996-11-01,NULL,1996
12/1/1996,227464.43,,237978.48,371079.06,110465.55,260613.51,178513.68,126040.28,52473.4,116120.98,111343.45,142869.1,132355.05,,,-238724.01,370333.53,,,1996-12-01,NULL,1996
1/1/1997,233374.36,,158240.57,359191.43,96627.25,262564.18,280928.72,119896.72,161032,111290.02,122084.35,161602,236735.8,,,-122455.63,394976.36,,,1997-01-01,NULL,1997
2/1/1997,232978.56,,182890.81,372793.62,92136.78,280656.84,274372.84,117180.34,157192.5,108513.34,124465.22,158564.9,208652.65,,,-164140.97,391543.46,,,1997-02-01,NULL,1997
3/1/1997,242427.11,,204916.1,352372.89,67468.21,284904.68,279749.03,119333.83,160415.2,112343.53,130083.59,167479.5,204990.5,,,-147382.39,409906.61,,,1997-03-01,NULL,1997
4/1/1997,245774.83,,214429.33,386703.33,86875.55,299827.78,291556.68,120478.48,171078.2,110383.98,135390.85,163476.5,194822,,,-191881.33,409251.33,,,1997-04-01,NULL,1997
5/1/1997,243451.49,,216171.98,414922.08,99388.32,315533.76,276389.06,118921.06,157468,109857.46,133594.04,167147.2,194426.61,,,-220495.47,410598.69,,,1997-05-01,NULL,1997
6/1/1997,243060.31,,226031.54,397003.88,75624.96,321378.92,277581.13,118658.63,158922.5,109190.43,133869.89,167505.2,184533.98,,,-212469.9,410565.51,,,1997-06-01,NULL,1997
7/1/1997,237474.7,,223103.39,387045.99,59944.78,327101.21,281349.19,119349.29,161999.9,110686.79,126787.91,167638.3,182009.61,,,-205036.38,405113,,,1997-07-01,NULL,1997
8/1/1997,244974.11,,230450.78,374108.05,42151.31,331956.74,286136.17,121499.07,164637.1,112061.07,132913.04,163286.2,177809.53,,,-196298.52,408260.31,,,1997-08-01,NULL,1997
9/1/1997,244265.58,,237368.73,378292.71,38823.87,339468.84,286874.36,122909.26,163965.1,113088.06,131177.52,181208.1,188104.95,,,-190187.76,425473.68,,,1997-09-01,NULL,1997
10/1/1997,244962.63,,225113.33,389718.85,38214.15,351504.7,295801.92,125338.72,170463.2,115770.82,129191.81,184585.4,204434.71,,,-185284.14,429548.03,,,1997-10-01,NULL,1997
11/1/1997,256142.32,,226403.98,401080.61,41005.49,360075.12,311160.66,131823.96,179336.7,121745.26,134397.06,178250.9,207989.25,,,-193091.36,434393.22,,,1997-11-01,NULL,1997
12/1/1997,268622.93,,234015.68,365870.61,46358.41,319512.21,334949.5,144825.1,190124.4,130668,137954.93,161108.4,195715.64,,,-170154.97,429731.33,,,1997-12-01,NULL,1997
1/1/1998,268639.72,,243141.83,403597.85,80058.79,323539.05,186664.25,139630.45,47033.8,125199.05,143440.68,167172,192669.89,,,-210927.96,435811.72,,,1998-01-01,NULL,1998
2/1/1998,259671.73,,249688.08,364436.08,36183.48,328252.6,180256.38,135081.68,45174.7,121835.58,137836.15,179737.9,189721.54,,,-174714.54,439409.63,,,1998-02-01,NULL,1998
3/1/1998,272984.02,,254473.38,362724.95,34801.01,327923.94,180292.26,137690.66,42601.6,125306.46,147677.56,195059.3,213569.94,,,-149155.01,468043.32,,,1998-03-01,NULL,1998
4/1/1998,279452.31,,258793.21,380142.05,42921.42,337220.63,191470.26,141439.26,50031,127782.96,151669.34,191915.8,212574.9,,,-167567.15,471368.11,,,1998-04-01,NULL,1998
5/1/1998,274073.58,,264731.29,390880.2,44036.51,346843.69,183014.53,141171.33,41843.2,126464.13,147609.45,198167.7,207509.99,,,-183370.21,472241.28,,,1998-05-01,NULL,1998
6/1/1998,277318.67,,275325.79,401008.15,47150.21,353857.94,188258.73,141687.73,46571,124825.23,152493.44,199969.1,201961.99,,,-199046.16,477287.77,,,1998-06-01,NULL,1998
7/1/1998,287524.98,,271473.34,371591.56,12160.57,359430.99,189210.11,140578.21,48631.9,127200.61,160324.37,208600,224651.63,,,-146939.93,496124.98,,,1998-07-01,NULL,1998
8/1/1998,294527.6,,268146.73,375587.73,7968.36,367619.37,180856.35,142496.95,38359.4,128911.85,165615.75,206279.2,232660.07,,,-142927.66,500806.8,,,1998-08-01,NULL,1998
9/1/1998,302403.26,,285075.35,392052.39,34228.13,357824.27,195263.12,143914.02,51349.1,129128.82,173274.44,224625.5,241953.41,,,-150098.98,527028.76,,,1998-09-01,NULL,1998
10/1/1998,294745,,286595.59,442700.43,70725.38,371975.05,196294.9,147404.9,48890,131967.4,162777.61,227011.3,235160.71,,,-207539.72,521756.3,,,1998-10-01,NULL,1998
11/1/1998,299693.84,,274330.28,453892.78,77480.17,376412.61,194434.47,154219.77,40214.7,140145.27,159548.56,222539.2,247902.76,,,-205990.02,522233.04,,,1998-11-01,NULL,1998
12/1/1998,318575.93,,247041.61,512490.41,139916.24,372574.17,216861.96,172377.76,44484.2,156716.06,161859.87,207061.8,278596.11,,,-233894.3,525637.73,,,1998-12-01,NULL,1998
1/1/1999,320042.84,,664041.41,275652.47,-115307.5,390959.96,211828.49,171032.59,40795.9,147460.99,172581.85,215971,-128027.57,,,-403680.04,536013.84,,,1999-01-01,NULL,1999
2/1/1999,326516.93,,655483.88,297281.33,-106877.98,404159.31,207905.98,167605.98,40300,144666.78,181850.15,226501.2,-102465.75,,,-399747.08,553018.13,,,1999-02-01,NULL,1999
3/1/1999,367568.07,,634905.32,368122.9,-33229.39,401352.29,235075.34,170916.74,64158.6,150271.94,217296.13,241462,-25875.15,,,-393998.05,609030.07,,,1999-03-01,NULL,1999
4/1/1999,361666.38,,593676.33,441986.83,29115.22,412871.61,222553,163336.6,59216.4,142538.1,219128.28,227335.9,-4674.05,,,-446660.88,589002.28,,,1999-04-01,NULL,1999
5/1/1999,425458.83,,601553.92,589907.65,154171.78,435735.87,266663.21,166494.11,100169.1,151823.81,273635.02,260934.1,84838.97,,,-505068.68,686392.93,,,1999-05-01,NULL,1999
6/1/1999,364943.84,,608426.92,570168.09,142759.78,427408.32,243082.17,169906.17,73176,146958.47,217985.38,269993.6,26510.52,,,-543657.57,634937.44,,,1999-06-01,NULL,1999
7/1/1999,344978.93,,594271.58,547764.57,112297.4,435467.17,239734.4,166066.3,73668.1,145270.8,199708.13,276362.2,27069.55,,,-520695.02,621341.13,,,1999-07-01,NULL,1999
8/1/1999,339881.5,,590640.09,558026.4,109774.54,448251.86,236709.11,162163.51,74545.6,143211.51,196669.99,290035.5,39276.91,,,-518749.49,629917,,,1999-08-01,NULL,1999
9/1/1999,353936.8,,623997.05,532292.07,91308.82,440983.25,231158.3,165872.3,65286,149881.3,204055.5,301678.6,31618.4,,,-500673.67,655615.4,,,1999-09-01,NULL,1999
10/1/1999,364739,,651688.96,531570.32,73666.42,457903.9,252365.98,170045.38,82320.6,153219.38,211519.62,259360.2,-27589.77,,,-559160.09,624099.2,,,1999-10-01,NULL,1999
11/1/1999,391954.39,,630080.43,607238.93,143517.41,463721.52,255997.33,180277.23,75720.1,162063.03,229891.36,316370.4,78244.36,,,-528994.57,708324.79,,,1999-11-01,NULL,1999
12/1/1999,393078.8,,666271.2,632010.1,176804.9,455205.2,283421.79,208561.1,74860.7,186456,206622.8,306654.9,33462.6,,,-598547.5,699733.7,,,1999-12-01,NULL,1999
1/1/2000,396991.89,,710751.7,473328.86,32456.58,440872.28,309408.7,199339.8,110068.9,169746.5,227245.38,251514.7,-62245.15,,,-535574.01,648506.59,,,2000-01-01,NULL,2000
2/1/2000,413849.16,,797364.69,430562.99,-34080.22,464643.2,291784.65,193939.35,97845.3,167504.65,246344.52,308923.2,-74592.33,,,-505155.32,722772.36,,,2000-02-01,NULL,2000
3/1/2000,474443.22,,774824.29,498532.39,20342.75,478189.64,286456.04,197821.04,88635,175892.04,298551.18,321085.8,20704.77,,,-477827.62,795529.02,,,2000-03-01,NULL,2000
4/1/2000,469096.73,,811095.95,467656.99,-31939.64,499596.63,294849.14,201024.54,93824.6,178487.24,290609.48,332091.1,-9908.13,,,-477565.12,801187.83,,,2000-04-01,NULL,2000
5/1/2000,468715.78,,826484.19,479925.69,-24237.56,504163.25,324120.56,200854.16,123266.4,176284.96,292430.82,339374.7,-18393.72,,,-498319.41,808090.48,,,2000-05-01,NULL,2000
6/1/2000,505110.17,,888657.3,495913.93,-26413.88,522327.8,300132.06,203993.26,96138.8,179729.86,325380.3,399043.8,15496.66,,,-480417.27,904153.97,,,2000-06-01,NULL,2000
7/1/2000,537700.03,,927468.66,547771.79,1515.66,546256.13,319854.75,213697.55,106157.2,188981.85,348718.18,404942.4,15173.78,,,-532598.01,942642.43,,,2000-07-01,NULL,2000
8/1/2000,524811.34,,886488.88,616221.33,49480.21,566741.12,327946.66,227885.56,100061.1,199990.46,324820.89,423945.5,62267.96,,,-553953.37,948756.84,,,2000-08-01,NULL,2000
9/1/2000,542315.67,,920402.62,612390.57,48184.37,564206.19,354674.28,234241.28,120433,204863.28,337452.39,420428.1,42341.16,,,-570049.41,962743.77,,,2000-09-01,NULL,2000
10/1/2000,563793.25,,1004610.3,616709.49,28458.94,588250.55,367723.95,244832.75,122891.2,213736.75,350056.5,420481.2,-20335.85,,,-637045.34,984274.45,,,2000-10-01,NULL,2000
11/1/2000,575999.56,,1107323.05,547755.92,-45475.44,593231.36,371557.95,268310.75,103247.2,233403.95,342595.61,410750.5,-120572.98,,,-668328.9,986750.06,,,2000-11-01,NULL,2000
12/1/2000,637731.1,,1275016.9,472011.7,-123989.8,596001.5,407891,310496.3,97394.7,274010.6,363720.6,398348.4,-238937.4,,,-710949.1,1036079.5,,,2000-12-01,NULL,2000
1/1/2001,642852,,1193036.9,600666.3,-44457.7,645124,398021.9,305922.4,92099.5,261904.4,380947.6,449902.3,-100282.5,,,-700948.8,1092754.3,,,2001-01-01,NULL,2001
2/1/2001,738375.3,,1211728.7,702854.1,13861.3,688992.7,488807.1,305285.1,183522,259557.3,478818.1,466402.4,-6950.9,,,-709805,1204777.7,,,2001-02-01,NULL,2001
3/1/2001,759027.9,,1263238,739401.2,25849.2,713552.1,456952.2,320273.8,136678.4,281800.7,477227.2,515002.5,10792.4,,,-728608.8,1274030.4,,,2001-03-01,NULL,2001
4/1/2001,787391.1,,1347152.8,711849.5,1338.84,710510.6,484951,333567.4,151383.6,286697.4,500693.7,501768,-57993.6,,,-769843.1,1289159.1,,,2001-04-01,NULL,2001
5/1/2001,792862.4,,1381423.9,730211.4,-10989.5,741201,481164,336287.7,144876.3,287233.8,505628.6,510674,-77887.6,,,-808099,1303536.4,,,2001-05-01,NULL,2001
6/1/2001,751142.1,,1398377.7,688660.2,-69914.3,758574.6,474523.2,340914.6,133608.6,289771.8,461370.3,512019.1,-135216.5,,,-823876.7,1263161.2,,,2001-06-01,NULL,2001
7/1/2001,757383.5,,1415320.7,713459.8,-63854.1,777313.9,481314.5,343924.7,137389.8,286186.7,471196.8,514401.5,-143535.7,,,-856995.5,1271785,,,2001-07-01,NULL,2001
8/1/2001,715696.4,,1389795.1,689305.8,-99606.5,788912.2,509045.1,342070.6,166974.5,277674.6,438021.8,539053.3,-135045.4,,,-824351.2,1254749.7,,,2001-08-01,NULL,2001
9/1/2001,773721.2,,1440539.7,805133.5,-27426.2,832559.7,494790.5,344165.6,150624.9,285239,488482.2,553903.5,-112915,,,-918048.5,1327624.7,,,2001-09-01,NULL,2001
10/1/2001,766692.2,,1287553.4,814185.5,-9852.3,824037.8,484818.3,348057.4,136760.9,288823.8,477868.4,543004.4,22143.2,,,-792042.3,1309696.6,,,2001-10-01,NULL,2001
11/1/2001,799355.2,,1378716.7,889088.3,45327.9,843760.3,508603.4,361941.5,146661.9,306356,492999.2,525359.9,-54001.6,,,-943089.9,1324715.1,,,2001-11-01,NULL,2001
12/1/2001,816707.65,,1347554.78,848992.8,-6006.53,854999.33,545881.95,403505.98,142375.98,338671.18,478036.47,499161.5,-31685.63,,,-880678.43,1315869.15,,,2001-12-01,NULL,2001
1/1/2002,804261.2,,1263916.3,877273.7,23143.1,854130.6,665940.3,382148.2,283792.1,322914.6,481346.6,543004.4,83349.3,,,-793924.4,1347265.6,,,2002-01-01,NULL,2002
2/1/2002,811381.4,,1206380.5,946906.8,71116.9,875789.9,786959.6,377453.1,409506.5,313363.4,498018,570440,175440.9,,,-771465.9,1381821.4,,,2002-02-01,NULL,2002
3/1/2002,835923,,1326157.2,1004845.6,111973.2,892872.4,644166.6,371129.6,273037,316169.5,519753.5,587422.5,97188.3,,,-907657.3,1423345.5,,,2002-03-01,NULL,2002
4/1/2002,849247.1,,1278495.3,1018432.1,116973.1,901459,627035.4,377085.7,249949.7,312645.9,536601.2,586150.4,156902.2,,,-861529.9,1435397.5,,,2002-04-01,NULL,2002
5/1/2002,854810.1,,1272300.5,1047547,129330.2,918216.8,584396.7,363246,221150.7,295013.4,559796.7,587623.6,170133.2,,,-877413.8,1442433.7,,,2002-05-01,NULL,2002
6/1/2002,872094.1,,1248916.9,1065957,126572.8,939384.2,596245,354374.6,241870.4,290092.2,582001.9,629960.8,253138,,,-812819,1502054.9,,,2002-06-01,NULL,2002
7/1/2002,874734,,1232127.3,1121807.1,144361.5,977445.6,603473.2,355100.5,248372.7,281151,593583,628644.9,271251.6,,,-850555.5,1503378.9,,,2002-07-01,NULL,2002
8/1/2002,884712.9,,971035.8,1130873.5,222572.8,908300.7,575960,356527.3,219432.7,294485.5,590227.4,643666.2,557343.3,,,-573530.2,1528379.1,,,2002-08-01,NULL,2002
9/1/2002,933552.8,,1191616.3,1180183.6,211558.1,968625.5,628762.9,371962.1,256800.8,306732.6,626820.2,671866.3,413802.8,,,-766380.8,1605419.1,,,2002-09-01,NULL,2002
10/1/2002,1002631,,1358783.7,1162871.8,185454.7,977417.1,557069.9,385066.9,172003,319351.6,683279.4,688981.5,332828.8,,,-830043,1691612.5,,,2002-10-01,NULL,2002
11/1/2002,928335.2,,1403498.3,1056147.6,59624.4,996523.2,567832.5,409275.8,158556.7,342411.4,585923.8,682624,207460.9,,,-848686.7,1610959.2,,,2002-11-01,NULL,2002
12/1/2002,946253.4,,1282215.5,1329401.3,373639.2,955762.1,591558.9,463153,128405.9,386942.3,559311.1,653241.2,317279.1,,,-1012122.2,1599494.6,,,2002-12-01,NULL,2002
1/1/2003,1052476.9,,1213685.1,1490512.1,460771.2,1029740.9,597286.9,441311,155975.9,366389.2,686087.7,693715.2,532507,,,-958005.1,1746192.1,,,2003-01-01,NULL,2003
2/1/2003,1076551.1,,1301531.5,1572411.8,533881.5,1038530.3,583625.7,434747,148878.7,363692.5,712858.6,702109.1,477128.6,,,-1095283.2,1778660.2,,,2003-02-01,NULL,2003
3/1/2003,1121549.5,,1346526.9,1454982.1,430656.4,1024325.7,610848,435138.6,175709.4,368347.6,753201.9,797376.2,572398.8,,,-882583.3,1918925.7,,,2003-03-01,NULL,2003
4/1/2003,1157804.3,,1348949.2,1428553.6,377021.5,1051532.1,677601.8,472750.3,204851.5,403131.6,754672.7,808385.8,617240.9,,,-811312.7,1966190.1,,,2003-04-01,NULL,2003
5/1/2003,1064814.2,,1296243.6,1498209.2,451614.8,1046594.4,702352.3,449923.2,252429.1,372657.4,692156.8,793105.3,561675.9,,,-936533.3,1857919.5,,,2003-05-01,NULL,2003
6/1/2003,1319728.8,,1325852.2,1671082.5,605045.7,1066036.8,653899.9,445156.2,208743.7,382510.8,937218,804586.9,798463.5,,,-872619,2124315.7,,,2003-06-01,NULL,2003
7/1/2003,1131154.4,,1191723.9,1818431.1,713205.5,1105225.6,634751.4,438432.5,196318.9,361031.9,770122.5,821271.7,760702.2,,,-1057728.9,1952426.1,,,2003-07-01,NULL,2003
8/1/2003,1186024.9,,1211302.2,1778436.2,658466.2,1119970,623343.9,439678.3,183665.6,369827.2,816197.7,786594.1,761316.8,,,-1017119.4,1972619,,,2003-08-01,NULL,2003
9/1/2003,1264028.3,,1173900.5,1690765.8,625658.7,1065107.1,642228.8,434581.9,207646.9,362385.6,901642.7,717040.2,807168,,,-883597.8,1981068.5,,,2003-09-01,NULL,2003
10/1/2003,1290167.3,,1189307.5,1875985.8,696507.4,1179478.4,671135.9,440692.9,230443,367709.5,922457.8,781801.7,882661.5,,,-993324.3,2071969,,,2003-10-01,NULL,2003
11/1/2003,1313605.4,,1352225.9,1804657.8,584765.7,1219892.1,670693.5,451111.1,219582.4,365642.6,947962.8,765971.2,727350.7,,,-1077307.1,2079576.6,,,2003-11-01,NULL,2003
12/1/2003,1225559.3,,1388233.8,1803938.1,591944.7,1211993.4,688652.53,502254.5,186398.03,412155.2,813404.1,759632.5,596958.1,,,-1206980,1985191.8,,,2003-12-01,NULL,2003
1/1/2004,1121224.6,,1412645.4,1927552.2,666231.6,1261320.6,663224.7,480175,183049.7,405916.8,715307.8,796278.8,504858,,,-1422694.2,1917503.4,,,2004-01-01,NULL,2004
2/1/2004,1188048.7,,1543072.7,1905395.1,614633.2,1290761.9,631826.8,465705.9,166120.9,381953.7,806095,874607.4,519583.4,,,-1385811.7,2062656.1,,,2004-02-01,NULL,2004
3/1/2004,1201540.2,,1570567.6,1821092,499985.6,1321106.4,635003.9,466494.4,168509.5,384336.8,817203.4,904698.4,535671,,,-1285421,2106238.6,,,2004-03-01,NULL,2004
4/1/2004,1178469,,1550726.3,1966783.5,598317.8,1368465.7,657222.6,461326.2,195896.4,385537.6,792931.4,911186.8,538929.5,,,-1427854,2089655.8,,,2004-04-01,NULL,2004
5/1/2004,1187078.6,,1618253.7,2004161.1,599207.7,1404953.4,633317.4,454376.1,178941.3,374784.6,812294,918879,487703.9,,,-1516457.2,2105957.6,,,2004-05-01,NULL,2004
6/1/2004,1214834.9,,1829690,1847585.3,453804.4,1393780.9,654508.2,456306.8,198201.4,373071.8,841763.1,898446.5,283591.4,,,-1563993.9,2113281.4,,,2004-06-01,NULL,2004
7/1/2004,1226385.7,,1978979.2,1932953.8,470001,1462952.8,652283.3,457159.4,195123.9,371623.9,854761.8,896675.5,144082,,,-1788871.8,2123061.2,,,2004-07-01,NULL,2004
8/1/2004,1243015,,2072401.3,1889831.4,424358.5,1465472.9,657218.6,459707.4,197511.2,380340.1,862674.9,898881.8,69495.5,,,-1820335.9,2141896.8,,,2004-08-01,NULL,2004
9/1/2004,1262912.4,,2010641.8,1942371.6,453025.1,1489346.5,650498.1,457977.8,192520.3,385657.7,877254.7,893923.7,146194.3,,,-1796177.3,2156836.1,,,2004-09-01,NULL,2004
10/1/2004,1290453.9,,2254073.4,1949582.9,425336.5,1524246.4,645376.1,459390.6,185985.5,388910.7,901543.2,941519.7,-22099.8,,,-1971682.7,2231973.6,,,2004-10-01,NULL,2004
11/1/2004,1324688,,2512937.1,2005597.5,462484.4,1543113.1,687397.1,493522.5,193874.6,407635.9,917052.1,944491.3,-243757.8,,,-2249355.3,2269179.3,,,2004-11-01,NULL,2004
12/1/2004,1330657.8,,2644672.7,2020173.3,485725.5,1534447.8,732310.3,545803,186507.3,458586.5,872071.3,932930.1,-381084.8,,,-2401258.1,2263587.9,,,2004-12-01,NULL,2004
1/1/2005,1373084.1,,2748358,2138400.7,530942.3,1607458.4,709011.5,522328,186683.5,431542.3,941541.8,976806.2,-398467.7,,,-2536868.4,2349890.3,,,2005-01-01,NULL,2005
2/1/2005,1394971.5,,3009891.9,2150906.7,527629.6,1623277.2,717582,502510.5,215071.5,421947,973024.5,1049140.9,-565779.5,,,-2716686.2,2444112.4,,,2005-02-01,NULL,2005
3/1/2005,1469579.9,,3140484.5,2259983.1,593223,1666760.1,736688.2,512839.3,223848.9,429062.1,1040517.8,1098485.4,-572419.1,,,-2832402.2,2568065.3,,,2005-03-01,NULL,2005
4/1/2005,1404892.2,,3141076.9,2303433.1,580531.4,1722901.7,716933.1,505064,211869.1,432528.9,972363.3,1099096.2,-637088.5,,,-2940521.6,2503988.4,,,2005-04-01,NULL,2005
5/1/2005,1442715.6,,3168034.2,2382602.2,593455.7,1789146.5,721060.5,495631.2,225429.3,420317.1,1022398.5,1123385,-601933.6,,,-2984535.8,2566100.6,,,2005-05-01,NULL,2005
6/1/2005,1454232.6,,3397866.6,2182494.2,341727.8,1840766.4,747928.8,494944.3,252984.5,415969.1,1038263.5,1237064.4,-706569.7,,,-2889063.9,2691297,,,2005-06-01,NULL,2005
7/1/2005,1515005.3,,3493901,2410180.1,502437.3,1907742.8,800375.1,501726.9,298648.2,434636.2,1080369.1,1288524.3,-690371.4,,,-3100551.5,2803529.6,,,2005-07-01,NULL,2005
8/1/2005,1534764.5,,3554918.3,2516113.3,575651,1940462.3,821745.7,507967.5,313778.2,426510.1,1108254.4,1240921.1,-779232.7,,,-3295346,2775685.6,,,2005-08-01,NULL,2005
9/1/2005,1557007.1,,4003941.6,2589269.2,603058,1986211.2,808588,513373.4,295214.6,444632,1112375.1,1215986,-1230948.5,,,-3820217.7,2772993.1,,,2005-09-01,NULL,2005
10/1/2005,1514515.3,,3119303.6,2449799.2,512767.9,1937031.3,668897.49,520458.2,148439.29,442183.2,1072332.1,1185284.3,-419504,,,-2869303.2,2699799.6,,,2005-10-01,NULL,2005
11/1/2005,1480433.5,,3595140.3,2369452.1,337886.7,2031565.4,701472.5,547297.2,154175.3,465813.9,1014619.6,1184211.3,-930495.5,,,-3299947.6,2664644.8,,,2005-11-01,NULL,2005
12/1/2005,1725395.8,,4098471.9,2313387.7,306031.9,2007355.8,762788,642388.2,120399.8,563232,1162163.8,1089450.3,-1283625.8,,,-3597013.5,2814846.1,,,2005-12-01,NULL,2005
1/1/2006,1720638.2,,4675564.9,2399397.6,417689.8,1981707.7,705528.26,572747.4,132780.86,478452.1,1242186.1,1246501.3,-1708425.4,,,-4107823,2967139.5,,,2006-01-01,NULL,2006
2/1/2006,1394585.6,,4405298,1293706.7,179810.7,1113895.9,720608.39,561626.4,158981.99,524540.5,870045.1,832887.1,-2177825.2,,,-3471531.9,2227472.8,,,2006-02-01,NULL,2006
3/1/2006,1837470.4,,5108959.9,2598849,471892.3,2126956.6,728888.7,563713,165175.7,479967.2,1357503.2,1470197.4,-1801292,,,-4400141,3307667.9,,,2006-03-01,NULL,2006
4/1/2006,2026073.8,,4683522.2,2696782.2,523023.3,2173758.9,805514,610130.3,195383.7,527021.2,1499052.5,1514629.8,-1142818.6,,,-3839600.8,3540703.6,,,2006-04-01,NULL,2006
5/1/2006,2078572.2,,5428060.1,2359847.2,8761.3,2351085.9,852357.6,611224.3,241133.3,520662.3,1557909.9,1605832.3,-1743655.6,,,-4103502.8,3684404.5,,,2006-05-01,NULL,2006
6/1/2006,2216931.5,,5568810,2664489.9,360789.4,2303700.5,797640.4,602829,194811.4,514609.1,1702322.4,1694890,-1656988.5,,,-4321478.4,3911821.5,,,2006-06-01,NULL,2006
7/1/2006,2255149.4,,5719055.4,2229906.1,-154889.2,2384795.4,796129.9,606859.5,189270.4,511172.6,1743976.9,1854701,-1609205,,,-3839111.1,4109850.4,,,2006-07-01,NULL,2006
8/1/2006,2236580.9,,5500396,2458387.9,-84417.3,2542805.2,838151,609346.6,228804.4,504805.6,1731775.3,1952472.6,-1311342.5,,,-3769730.4,4189053.5,,,2006-08-01,NULL,2006
9/1/2006,2328993.1,,5718702.3,2336533.4,-235144.7,2571678,815950.15,615140.9,200809.25,524351.9,1804641.2,1991679.2,-1398029.9,,,-3734563.3,4320672.3,,,2006-09-01,NULL,2006
10/1/2006,2568334.1,,6527326.7,1739878.6,-894120.9,2633999.4,771464.22,629511.2,141953.05,520905.8,2047428.2,2162328.8,-1796663.8,,,-3536542.4,4730662.8,,,2006-10-01,NULL,2006
11/1/2006,2435239.8,,6694599.2,1062510.8,-1589697.2,2652208,799978.93,669521,130457.92,567273.6,1867966.2,2122317.4,-2137042,,,-3199552.8,4557557.2,,,2006-11-01,NULL,2006
12/1/2006,2280648.9,,6307859.3,714205.7,-1936615.7,2650821.5,974903.92,779254.2,195649.76,650943.6,1629705.3,1747252.8,-2279957.6,,,-2994163.3,4027901.7,,,2006-12-01,NULL,2006
1/1/2007,2177219.2,,7079270.5,-262342.7,-2598554.7,2336212,827891.53,705163.8,122727.72,601410.1,1575809,1722915.6,-3179135.8,,,-2916793.1,3900134.7,,,2007-01-01,NULL,2007
2/1/2007,2252995.2,,6752051.9,-97763.2,-2469053.1,2371289.9,801370.8,704584.8,96786.01,604116.9,1648878.3,1869146.8,-2629909.9,,,-2532146.7,4122142,,,2007-02-01,NULL,2007
3/1/2007,2602432.4,,6997940.8,540315.8,-2508626.6,3048942.3,841250.7,727411.2,113839.48,593302.2,2009130.2,2195884.9,-2199623.4,,,-2739939.2,4798317.4,,,2007-03-01,NULL,2007
4/1/2007,2849409.4,,7093858.4,456853,-2754698,3211551,896020.1,766011.7,130008.38,609486.8,2239922.6,2203453.9,-2040995.1,,,-2497848.1,5052863.3,,,2007-04-01,NULL,2007
5/1/2007,2558687.5,,7322146,988694.1,-2436619.1,3425313.2,1031500.71,742810.4,288690.29,565350,1993337.5,2350533.1,-2412925.4,,,-3401619.5,4909220.6,,,2007-05-01,NULL,2007
6/1/2007,2639061,,7633412.6,888710.9,-2615012,3503723,858301.17,714955.6,143345.6,525742.5,2113318.5,2477185.7,-2517165.9,,,-3405876.8,5116246.7,,,2007-06-01,NULL,2007
7/1/2007,2750506.5,,7005911.5,1086789.1,-2742458,3829247.1,935374.78,714343.1,221031.71,519114.3,2231392.2,2379653.6,-1875751.4,,,-2962540.5,5130160.2,,,2007-07-01,NULL,2007
8/1/2007,2872266.8,,6729268,1414020.8,-2495428.9,3909449.7,942180.62,717704.5,224476.14,523997,2348269.8,2678221.5,-1178779.8,,,-2592800.6,5550488.3,,,2007-08-01,NULL,2007
9/1/2007,3038607.9,,6977270.9,1740308.5,-2462861,4203169.5,967276.92,722306.9,244970,543386.4,2495221.5,2634014.5,-1304648.4,,,-3044956.9,5672622.4,,,2007-09-01,NULL,2007
10/1/2007,2938873.1,,7185713.4,1789865.7,-2625690.8,4415556.4,940779.37,755643.4,185136.02,571347.8,2367525.4,2646354.6,-1600485.6,,,-3390351.3,5585227.8,,,2007-10-01,NULL,2007
11/1/2007,2955103.6,,7098122,2515492.5,-2197226.5,4712718.9,1091068.72,790177.1,300891.63,634096.7,2321006.9,2926455.1,-1216563.3,,,-3732055.8,5881558.6,,,2007-11-01,NULL,2007
12/1/2007,3116272.1,,7266512.1,2688236.5,-2368484.4,5056720.9,1195271.94,960774.4,234497.5,737867.2,2378404.9,2693554.3,-1456685.6,,,-4144922.1,5809826.5,,,2007-12-01,NULL,2007
1/1/2008,3472107.6,,7446486.3,2918850.5,-2419584.3,5338434.8,1050304.69,865935,184369.68,667987.7,2804120,3055565.4,-918813.2,,,-3837663.7,6527673,,,2008-01-01,NULL,2008
2/1/2008,3783352,,7659356.1,3282957.9,-2456442.8,5739400.7,1065912.73,866677.6,199235.13,687552.1,3095799.9,3233116.5,-642887.5,,,-3925845.4,7016468.5,,,2008-02-01,NULL,2008
3/1/2008,4546138.6,,7991622.8,3462330.5,-2501996.3,5964326.8,1200043.02,891816.9,308226.13,662789.6,3883349,3452094.2,6610.1,,,-3455720.4,7998232.8,,,2008-03-01,NULL,2008
4/1/2008,4055597.1,,8157104.6,3599023,-2895186.4,6494209.4,1158839.25,898903.7,259935.5,674770.1,3380826.9,3749496.5,-352011.1,,,-3951034.1,7805093.5,,,2008-04-01,NULL,2008
5/1/2008,3993272.6,,8148341.8,3693217.7,-3094241.2,6787458.9,1242324.87,916902.2,325422.71,660155.2,3333117.4,3553061.1,-602008.1,,,-4295225.8,7546333.7,,,2008-05-01,NULL,2008
6/1/2008,4328511.7,,8316237.2,4038236.3,-2716445.3,6754681.6,1517769.45,918282.9,599486.57,673055.4,3655456.3,3619857.2,-367868.4,,,-4406104.7,7948368.8,,,2008-06-01,NULL,2008
7/1/2008,4098962.2,,8032523.5,4907125.3,-2433993,7341118.3,1279228.72,936858.5,342370.24,705084.4,3393877.8,3968629.1,35067.8,,,-4872057.5,8067591.2,,,2008-07-01,NULL,2008
8/1/2008,4264860.6,,8461171.7,4438433.7,-2986658.7,7425092.4,1273816.46,948262.7,325553.78,727003.6,3537857,4070429.9,-125881.2,,,-4564314.9,8335290.5,,,2008-08-01,NULL,2008
9/1/2008,4521790.3,,8523481,4244627.1,-3230039.3,7474666.4,1247209.47,976362.3,270847.16,756786,3765004.3,4438497.4,436806.8,,,-3807820.3,8960287.7,,,2008-09-01,NULL,2008
10/1/2008,4235811,,7975734.9,4254703.7,-3439071.7,7693775.4,1251929.91,966136.9,285793.03,743153.1,3492657.8,4103304.5,363380.5,,,-3891323.2,8339115.5,,,2008-10-01,NULL,2008
11/1/2008,4268983.9,,7633712,4337279.2,-3635992.3,7973271.5,1284518.46,988182.5,296335.98,744343.6,3524640.3,4118172.8,753444.8,,,-3583834.4,8387156.7,,,2008-11-01,NULL,2008
12/1/2008,4857312.2,,8550430.3,4951860.3,-3107688.6,8059548.9,1549093.03,1155334.6,393758.48,892675.6,3964636.7,4309523.1,616405,,,-4335455.3,9166835.3,,,2008-12-01,NULL,2008
1/1/2009,4724886.5,,7884699.9,5001648.4,-3506931.1,8508579.5,1486824.34,1064615.1,422209.24,839198.1,3885688.4,4569149.5,1409336.1,,,-3592312.3,9294035.9,,,2009-01-01,NULL,2009
2/1/2009,4659007.8,,8421238.6,4324858.2,-4143119.9,8467978.1,1355386.31,1024200.6,331185.71,814931.3,3844076.5,4428959.2,666728.4,,,-3658129.8,9087967,,,2009-02-01,NULL,2009
3/1/2009,4666715,,8105332.2,4620518.2,-3605924.4,8226442.6,1384040.39,1037766.1,346274.24,804073.3,3862641.7,4331102.3,892485,,,-3728033.2,8997817.3,,,2009-03-01,NULL,2009
4/1/2009,4569664.6,,7963791.8,5038211.1,-3341698,8379909,1506021.1,1048137.4,457883.69,823772.5,3745892,4431343.5,1037216.4,,,-4000994.7,9001008.1,,,2009-04-01,NULL,2009
5/1/2009,4322456.5,,7633449.6,5246649.1,-3262697.1,8509346.3,1381358.41,1026915.4,354442.97,764389.7,3558066.8,4398124.9,1087131.9,,,-4159517.2,8720581.4,,,2009-05-01,NULL,2009
6/1/2009,4484615.7,,7643607.1,5406926.5,-3150018.1,8556944.7,1291493.2,1006598.9,284894.35,746463.8,3738151.9,4592410.8,1433419.4,,,-3973507.1,9077026.5,,,2009-06-01,NULL,2009
7/1/2009,4303788.6,,7553994.1,5723916.2,-3302158.3,9026074.5,1210805.45,1008282.4,202523.07,766880,3536908.6,4585570.2,1335364.7,,,-4388551.5,8889358.8,,,2009-07-01,NULL,2009
8/1/2009,4515350,,7514680.2,6394215.5,-3280802.2,9675017.7,1239508.04,1019428.2,220079.87,759861.6,3755488.4,4959974.8,1960644.7,,,-4433570.8,9475324.9,,,2009-08-01,NULL,2009
9/1/2009,4333500.1,,6886864.6,6854251.4,-2957111.8,9811363.3,1261973.6,1031852,230121.58,778724.6,3554775.5,5124990.2,2571625.7,,,-4282625.7,9458490.2,,,2009-09-01,NULL,2009
10/1/2009,4390646.4,,7256130.8,7131494.8,-2722121.4,9853616.2,1794947.13,1020135.1,774811.99,781323.9,3609322.5,5520905,2655420.6,,,-4476074.2,9911551.3,,,2009-10-01,NULL,2009
11/1/2009,4721896.7,,7477281,7424739,-2565242.4,9989981.5,1383510.44,1108617.3,274893.19,851394.4,3870502.2,5517661.7,2762277.4,,,-4662461.6,10239558.4,,,2009-11-01,NULL,2009
12/1/2009,5017115.93,10780627.14,7593321.82,7862641.39,-2356694.72,10219336.11,1653859.98,1181541.93,472318.05,927236.44,4089879.48,5763511.22,3187305.32,770038.26,-3126732.97,-4675336.07,10780627.14,0,,2009-12-01,NULL,2009
1/1/2010,4640919.02,10478417.29,7417256.87,7748513.42,-2333484.88,10081998.31,1647806.04,1068205.82,579600.22,820528.05,3820390.97,5805454.91,3061160.41,697288.95,-3030773.83,-4687353.01,10446373.94,32043.35,,2010-01-01,NULL,2010
2/1/2010,4800716.63,10792645.17,7298136.87,8044868.02,-2024593.12,10069461.14,1738741.4,1049411.15,689330.25,812132.66,3988583.97,5991928.55,3494508.3,722324.11,-2746917.23,-4550359.72,10792645.17,0,,2010-02-01,NULL,2010
3/1/2010,4966453.87,11023312.97,7249631.85,8268423.51,-1782248.4,10050671.9,1810889.99,1086457.41,724432.59,833557.39,4132896.48,6056859.1,3773681.12,984107.14,-2766355.53,-4494742.39,11023312.97,0,,2010-03-01,NULL,2010
4/1/2010,5043288.69,10972487.61,7008858.6,8165066.44,-1914158.76,10079225.2,1516546.61,1072606.34,443940.27,831289.93,4211998.76,5929198.92,3963629.01,840704.81,-2754863.57,-4201437.43,10972487.61,0,,2010-04-01,NULL,2010
5/1/2010,5018270.02,10759314.65,6601413.41,8561185.71,-1465783.35,10026969.06,1534788.53,1056748.38,478040.16,817431.62,4200838.4,5741044.63,4157901.24,1129281.79,-2595065.14,-4403284.47,10759314.65,0,,2010-05-01,NULL,2010
6/1/2010,4917989.92,10887993.74,6484759.01,8516895.63,-1585921.87,10102817.5,1535112.35,1063633,471479.35,795412.07,4122577.85,5927508.17,4403234.73,886294.27,-2472216.14,-4113660.9,10845498.1,42495.65,,2010-06-01,NULL,2010
7/1/2010,4958349.69,10941435.3,6583044.61,8343791.55,-1566914.03,9910705.58,1658882.16,1076922.08,581960.08,805680.2,4152669.49,5983085.61,4358390.69,977627.56,-2544541.58,-3985400.86,10941435.3,0,,2010-07-01,NULL,2010
8/1/2010,5422502.27,11520644.68,6526918.14,9160304.97,-952896.42,10113201.39,1752945.76,1094707.85,658237.91,822229.61,4600272.66,6098142.41,4993726.54,1307453.15,-2260349.56,-4166578.43,11520644.68,0,,2010-08-01,NULL,2010
9/1/2010,5255890.8,11224789.77,6453963.97,9012118.49,-1323996.29,10336114.78,1344324.61,1125394.92,218929.69,880864.17,4375026.63,5968898.97,4770825.8,823202.37,-2147198.66,-4241292.69,11224789.77,0,,2010-09-01,NULL,2010
10/1/2010,5332749.8,11224607.28,6247755.87,9315228.34,-1219137.51,10534365.85,1438353.3,1153171.25,285182.05,874894.07,4457855.73,5891857.48,4976851.41,998764.62,-2217902.13,-4338376.93,11224607.28,0,,2010-10-01,NULL,2010
11/1/2010,5274242.15,11142651.36,6327100.32,9326056.75,-1422322.59,10748379.34,1450823.47,1227639.1,223184.36,892330.1,4381912.05,5868409.21,4815551.03,1051442.98,-2473765.57,-4510505.72,11142651.36,0,,2010-11-01,NULL,2010
12/1/2010,5571269.89,11525530.34,6506618.59,8498646.42,-1331697.66,9830344.08,1845714.52,1378134.43,467580.09,1082295.07,4488974.82,5954260.45,5018911.76,1412726.01,-2744423.67,-3479734.66,11525530.34,0,,2010-12-01,NULL,2010
1/1/2011,5567074.86,11719038.11,6400551.35,8580840.01,-835866.88,9416706.89,1694893.64,1340435.04,354458.6,1033447.93,4533626.93,5994451.09,5318486.76,1856586.67,-2692453.55,-3262353.26,11561525.95,157512.16,,2011-01-01,NULL,2011
2/1/2011,5389129.71,11643528.65,6725495.02,8311078.5,-867211.05,9178289.55,1820891.35,1336807.39,484083.96,1024650.79,4364478.92,6206538.59,4918033.63,2026151.32,-2893362.37,-3393044.88,11595668.3,47860.34,,2011-02-01,NULL,2011
3/1/2011,5424517.2,11739991.26,6988078.1,7996427.28,-1450519.04,9446946.32,1705916.44,1416379.04,289537.4,1112684.15,4311833.05,6229106.61,4751913.16,1910850.79,-3361369.83,-3244514.12,11653623.81,86367.45,,2011-03-01,NULL,2011
4/1/2011,5616622.3,11898956.66,6274531.7,8904956.99,-995077.17,9900034.16,1696236.6,1492278.87,203957.73,1141065.57,4475556.72,6282334.36,5624424.96,1590371.19,-2585448.36,-3280532.03,11898956.66,0,,2011-04-01,NULL,2011
5/1/2011,5551087.44,11986234.87,6357085.65,8758459.82,-1090788.89,9849248.71,1750908.77,1401790.42,349118.35,1055213.67,4495873.78,6435147.42,5629149.22,1455438.37,-2546227.26,-3129310.6,11986234.87,0,,2011-05-01,NULL,2011
6/1/2011,5637264.54,12172096.71,6453690.26,8695736.7,-1262213.19,9957949.88,2065056.34,1353982.61,711073.73,1016449.92,4620814.62,6534832.17,5718406.45,1422618.67,-2684831.86,-2977330.25,12172096.71,0,,2011-06-01,NULL,2011
7/1/2011,5868318.06,12466786.12,7506030.43,7920555.81,-2031258.6,9951814.4,2169931.58,1344152.29,825779.29,1040301.63,4828016.43,6520956.78,4960755.68,1210727.5,-3241986.09,-2959800.12,12389274.84,77511.28,,2011-07-01,NULL,2011
8/1/2011,5871231.72,12817401.81,6976366.33,9689881.44,-1194344.95,10884226.39,1842515.11,1380266.48,462248.63,1061092.08,4810139.64,6636783.27,5841035.48,1583135.65,-2777480.6,-3848845.95,12508014.99,309386.82,,2011-08-01,NULL,2011
9/1/2011,6002260.13,13052461.84,6669766.05,9894881.01,-1215856,11110737.01,1908239.37,1342358.03,565881.34,1011756.22,4990503.92,6615820.2,6382695.79,1802759.77,-3018615.77,-3512185.22,12618080.33,434381.51,,2011-09-01,NULL,2011
10/1/2011,5798198.38,12710578.05,6724513.83,9769718.16,-1868707.18,11638425.34,2365592.76,1358967.97,1006624.79,1037603.52,4760594.86,6374301.7,5986064.21,1880084.09,-3748791.27,-3783653.95,12172500.07,538077.97,,2011-10-01,NULL,2011
11/1/2011,5773221.95,13163269.45,6623233.6,10847558.18,-1555333.37,12402891.55,2342193.14,1390961.08,951232.06,1069397.15,4703824.81,6437190.41,6540035.85,1480900.89,-3036234.26,-4307522.33,12210412.37,952857.08,,2011-11-01,NULL,2011
12/1/2011,6771581.49,14306778.31,7138672.78,13152869.08,-1030722.73,14183591.82,2784065.43,1566046.44,1218018.99,1245135.35,5526446.14,6531913.01,7168105.53,2205392.84,-3236115.57,-5984763.55,13303494.5,1003283.81,,2011-12-01,NULL,2011
1/1/2012,6826905.39,14686830.99,7413617.17,13162285.95,-1479265.09,14641551.03,2689361.74,1476068.83,1213292.91,1093734.03,5733171.36,6928387.83,7273213.82,1748615.39,-3227880.48,-5889072.12,13755293.22,931537.77,,2012-01-01,NULL,2012
2/1/2012,6420603.05,14452845.58,7234596.54,12849847.5,-1160964.87,14010812.38,2759956.28,1438616.76,1321339.51,1081680.93,5338922.12,6733184.44,7218249.04,1997110.9,-3158075.77,-5631598.46,13153787.49,1299058.09,,2012-02-01,NULL,2012
3/1/2012,6522940.37,15161252.27,7306723.1,13264928.94,-854957.14,14119886.08,2527604.31,1432834.61,1094769.7,1141350.39,5381589.99,6748033.43,7854529.17,2009222.25,-2864179.39,-5410399.78,13270973.81,1890278.46,0,2012-03-01,NULL,2012
4/1/2012,6668824.43,15109126.08,7692058.54,12936330.09,-1256292.68,14192622.77,2589534.35,1422438.72,1167095.62,1111098.33,5557726.1,6635959.38,7417067.54,1726267.53,-2982560.21,-5519262.56,13304783.81,1804342.27,0,2012-04-01,NULL,2012
5/1/2012,6534503.57,15286304.59,7984810.5,12609078.29,-1863509.94,14472588.23,2506691.84,1398955.5,1107736.34,1121583.41,5412920.16,7068635.77,7301494.09,1386251.83,-3249761.77,-5307584.2,13603139.34,1683165.25,0,2012-05-01,NULL,2012
6/1/2012,6596726.38,15048371.94,7522255.04,13019453.66,-1681604.73,14701058.4,2511975.29,1363730.71,1148244.59,1088325.98,5508400.4,6883664.88,7528785.06,1411043.5,-3092648.24,-5490668.61,13480391.26,1567980.68,,2012-06-01,NULL,2012
7/1/2012,6403787.56,14714495.01,7815868.96,12846189.5,-1999193.85,14845383.35,2954633.66,1362604.36,1592029.29,1076822.24,5326965.32,6988638.82,6898626.05,1337884.48,-3347621.51,-5947563.45,13392426.38,1322068.63,0,2012-07-01,NULL,2012
8/1/2012,6244358.37,14735901.41,8069447.59,12725514.07,-1982468.02,14707982.09,3070377.66,1368236.75,1702140.91,1080799.99,5163558.38,7525703.89,6666453.82,854632.97,-3134148.81,-6059060.25,13770062.26,965839.15,0,2012-08-01,NULL,2012
9/1/2012,6392454.87,15149629.67,8301526.97,12886595.34,-1867404.16,14753999.51,3117810.58,1348838.34,1768972.24,1070172.62,5322282.25,7672812.26,6848102.69,834488.05,-3095017.17,-6038492.65,14065267.13,1084362.53,0,2012-09-01,NULL,2012
10/1/2012,6542100.03,16293437.96,8763203.12,13093616.61,-1847500.9,14941117.52,3041155.66,1458211.89,1582943.77,1153552.68,5388547.36,7857199.14,7530234.85,1807115.39,-3658062.99,-5563381.77,14399299.17,1894138.79,0,2012-10-01,NULL,2012
11/1/2012,6880644.29,17046001.19,8732276.44,13827813.6,-1424740.38,15252553.99,2980135.44,1430962.37,1549173.08,1140598.43,5740045.86,8182085.68,8313724.75,1876226.5,-3300966.89,-5514088.85,15062729.97,1983271.22,0,2012-11-01,NULL,2012
12/1/2012,7420946.19,16488122.84,9043678.68,12698205.05,-2453557.09,15151762.15,3704483.55,1631717.16,2072766.4,1301160.63,6119785.55,8062901.35,7444444.15,483014.69,-2936571.78,-5253760.9,15483847.53,1004275.3,0,2012-12-01,NULL,2012
1/1/2013,7078745.96,16671561.17,9271711.54,12489950.84,-2502762.38,14992713.22,3401482.91,1457179.98,1944302.93,1155720.07,5923025.89,8229646.86,7399849.63,387506.23,-2890268.61,-5090101.21,15308392.82,1363168.36,0,2013-01-01,NULL,2013
2/1/2013,6914399.38,17314500.26,9752647.02,12808673.4,-2276494.72,15085168.13,3763368.43,1437459.95,2325908.48,1163721.52,5750677.86,8633225.34,7561853.23,619645.62,-2896140.35,-5246820.17,15547624.71,1766875.54,0,2013-02-01,NULL,2013
3/1/2013,6938532.49,17446172.27,9685875.14,12740967.85,-2520968.24,15261936.09,3911466.2,1508513.31,2402952.89,1242634.18,5695898.32,8730636.66,7760297.13,61448.49,-2582416.74,-4980670.72,15669169.15,1777003.12,0,2013-03-01,NULL,2013
4/1/2013,6776177.42,17792411.6,9557830.12,13205410.88,-2202764.55,15408175.43,3435630.99,1470133.64,1965497.34,1185309.97,5590867.45,8858204.63,8234581.48,41686.15,-2244450.69,-4970829.4,15634382.05,2158029.55,0,2013-04-01,NULL,2013
5/1/2013,6744554.53,17802957.44,9404620.55,13235702.52,-2249527.38,15485229.91,3432056.76,1457653.74,1974403.02,1160609.9,5583944.64,8679498.09,8398336.88,-151655.32,-2097872.06,-4837365.64,15424052.62,2378904.82,0,2013-05-01,NULL,2013
6/1/2013,6939549.21,17777776.16,9164430.15,13149382.49,-2542654.43,15692036.93,3236152.86,1425507.77,1810645.09,1127804.88,5811744.33,8653623.3,8613346.01,11665.09,-2554319.53,-4536036.48,15593172.51,2184603.65,0,2013-06-01,NULL,2013
7/1/2013,6522552.92,18084913.27,8907700.09,13820873.48,-1975740.91,15796614.39,3873945.44,1457282.93,2416662.52,1141568.91,5380984.01,8288876.88,9177213.19,-55461.88,-1920279.03,-4643660.29,14811429.8,3273483.47,0,2013-07-01,NULL,2013
8/1/2013,6270342.25,17556349.38,8993507.62,13187679.95,-2913532.85,16101212.81,4227605.62,1443338.14,2784267.48,1152577.36,5117764.89,8349106.98,8562841.76,-943920.05,-1969612.81,-4624838.19,14619449.23,2936900.14,0,2013-08-01,NULL,2013
9/1/2013,6293476.73,17194456.18,8923526.48,13087907.24,-3191362.4,16279269.64,4649991.76,1474048.92,3175942.85,1168176.7,5125300.03,8068974.34,8270929.7,-1132368.89,-2058993.51,-4816977.55,14362451.07,2832005.11,0,2013-09-01,NULL,2013
10/1/2013,6460005.18,17659906.65,8897056.81,13627297.31,-2649138.72,16276436.03,4511510.83,1549536.22,2961974.61,1249515.16,5210490.02,8069502.82,8762849.84,-699412.14,-1949726.58,-4864447.47,14529508,3130398.65,0,2013-10-01,NULL,2013
11/1/2013,6378038.83,18017323.95,8680868.48,14092904.4,-2358883.29,16451787.69,4463085.48,1571034.8,2892050.68,1298533.8,5079505.03,8356843.98,9336455.47,-452992.79,-1905890.5,-4756448.93,14734882.8,3282441.15,0,2013-11-01,NULL,2013
12/1/2013,7032838.75,18997049.97,8658649.73,14535204.72,-1656265.28,16191470,5090244.76,1776413.12,3313831.64,1446660.4,5586178.35,8656124.8,10338400.23,174406.66,-1830671.94,-4196804.49,15688963.55,3308086.42,0,2013-12-01,NULL,2013
1/1/2014,6782016.15,18600766.79,7404957.45,15585742.76,-478512.55,16064255.31,4921167.94,1588076.3,3333091.64,1332886.42,5449129.73,8711673.35,11195809.34,184144.96,-662657.51,-4389933.42,15493689.5,3107077.29,0,2014-01-01,NULL,2014
2/1/2014,6739403.75,18100670.89,6725386.92,15681565.85,-712493.7,16394059.55,4732370.92,1557627.71,3174743.2,1257922.74,5481481.02,8684771.42,11375283.97,83157.37,-795651.07,-4306281.87,15424175.17,2676495.71,0,2014-02-01,NULL,2014
3/1/2014,7617909.51,20573700.65,6609079.43,18100749.54,1648444.65,16452304.89,4665783.45,1573957.6,3091825.85,1285836.46,6332073.05,10115009.04,13964621.22,2531953.15,-883508.5,-4136128.32,17732918.56,2840782.1,0,2014-03-01,NULL,2014
4/1/2014,7677107.83,20474854.57,6731897.97,17889792.44,1176186.91,16713605.54,5342756.63,1569240.7,3773515.93,1282947.43,6394160.41,10209540,13742956.6,2424202.5,-1248015.59,-4146835.84,17886647.83,2588206.74,0,2014-04-01,NULL,2014
5/1/2014,7348680.91,20136339.09,6671522.71,17432171.9,734152.81,16698019.09,5123110.28,1517240.24,3605870.04,1254613.79,6094067.12,10273877.48,13464816.38,2224841.55,-1490688.74,-3967355.52,17622558.39,2513780.7,0,2014-05-01,NULL,2014
6/1/2014,7096437.05,20602992.5,7673096.58,16689493.7,-238488.87,16927982.57,4786356.02,1496742.06,3289613.96,1211563.93,5884873.12,10480203.25,12929895.93,2092823.5,-2331312.37,-3759597.77,17576640.3,3026352.21,0,2014-06-01,NULL,2014
7/1/2014,7218916.42,21290280.49,7950033.06,17403322.76,169214.44,17234108.32,4833288.2,1567795.42,3265492.77,1282794.86,5936121.56,10883326.42,13340247.44,2488484.65,-2319270.21,-4063075.33,18102242.84,3188037.66,0,2014-07-01,NULL,2014
8/1/2014,7060019.84,21117724.23,7538588.09,17581836.62,173965.83,17407870.79,4791799.15,1501114.64,3290684.51,1254603.91,5805415.93,10838882.63,13579136.14,2338476.65,-2164510.82,-4002700.48,17898902.47,3218821.76,0,2014-08-01,NULL,2014
9/1/2014,7352576.84,21497755.01,7578783.54,17968357.81,274278.55,17694079.26,4943049.28,1547922.93,3395126.35,1299481.66,6053095.19,10847579.84,13918971.47,2447145.01,-2172866.46,-4049386.34,18200156.68,3297598.33,0,2014-09-01,NULL,2014
10/1/2014,7261036.27,21402085.91,6805704.96,18692283.93,902223.72,17790060.21,5144971.51,1533609.48,3611362.03,1263309.86,5997726.41,11235161.61,14596380.94,2997026.22,-2094802.5,-4095902.99,18496197.88,2905888.02,0,2014-10-01,NULL,2014
11/1/2014,7084121.49,21646682.2,6966102.42,19017135.96,942124.71,18075011.25,5130223.3,1577889.36,3552333.95,1319192.86,5764928.62,11720158.45,14680579.78,3116383.71,-2174259.01,-4336556.18,18804279.94,2842402.26,0,2014-11-01,NULL,2014
12/1/2014,6904791.41,21246341.43,6954214.77,19273756.71,1147707.24,18126049.46,5930945.96,1797978.87,4132967.09,1437397.09,5467394.32,12008237.57,14292126.66,3169119.88,-2021412.64,-4981630.05,18913028.98,2333312.45,0,2014-12-01,NULL,2014
1/1/2015,7109045.29,21674973.34,6284060.65,20148715.36,1973084.7,18175630.65,5443529.29,1661692.84,3781836.45,1395391.85,5713653.45,11856488.21,15390912.69,3613324.72,-1640240.01,-4757802.66,18965533.5,2709439.84,0,2015-01-01,NULL,2015
2/1/2015,6724590.58,21400032.11,6786027.32,20485155.87,1732411.48,18752744.39,5675431.79,1622701.06,4052730.73,1302042.17,5422548.41,12141331.77,14614004.78,3377695.14,-1645283.66,-5871151.08,18865922.34,2534109.77,,2015-02-01,NULL,2015
3/1/2015,6983923.39,21714442.06,6787822.21,20635772,1985433.66,18650338.34,5907178.23,1818420.42,4088757.81,1471129.47,5512793.91,12148439.91,14926619.84,3637854.05,-1652420.4,-5709152.15,19132363.3,2582078.76,,2015-03-01,NULL,2015
4/1/2015,7185238.71,21864570.84,6075908.35,19990580.1,1590233.23,18400346.87,5342751.3,1569240.7,3773510.6,1188953.65,5996285.06,12422840.15,15788662.48,2839468.57,-1249235.34,-4201917.61,19608078.85,2256491.98,,2015-04-01,NULL,2015
5/1/2015,6672236.87,21857987.92,6286200.65,21042266.92,2363590.67,18678676.25,6163325.53,1671335.16,4491990.36,1315061.21,5357175.66,12524328.27,15571787.27,4029558.35,-1665967.68,-5470479.65,19196565.14,2661422.78,,2015-05-01,NULL,2015
6/1/2015,6542392.2,21677195.44,5951452.9,21409774.2,2511101.09,18898673.11,5945762.09,1562346.08,4383416.01,1183988.38,5358403.82,12269037.2,15725742.54,4132606.05,-1621504.95,-5684031.66,18811429.4,2865766.04,,2015-06-01,NULL,2015
7/1/2015,6471057.2,21519139.56,5687055.54,21542547.27,2875906.72,18666640.56,5931397.44,1574525.32,4356872.12,1184538.98,5286518.21,11953645.89,15832084.02,4287772.98,-1411866.26,-5710463.25,18424703.08,3094436.48,,2015-07-01,NULL,2015
8/1/2015,6969591.52,21435591.43,5498140.65,21393011.53,2760460.28,18632551.25,5895617.74,1544559.65,4351058.09,1146928.16,5822663.36,11521980.43,15937450.78,4080019.61,-1319559.33,-5455560.74,18491571.96,2944019.48,,2015-08-01,NULL,2015
9/1/2015,7148592.67,21330232.78,5083121.11,21519790.11,2786333.52,18733456.59,5788272.31,1637495.61,4150776.7,1218953.1,5929639.57,11569410.44,16247111.67,4223071.65,-1436738.13,-5272678.44,18718003.11,2612229.67,,2015-09-01,NULL,2015
10/1/2015,6689645.87,20240450.31,4622150.37,21348605.01,2260614.98,19087990.03,5546543.52,1560385.57,3986157.96,1202026.88,5487619,11514749.91,15618299.93,3633795.8,-1373180.81,-5730305.07,18204395.78,2036054.52,,2015-10-01,NULL,2015
11/1/2015,6980496.75,20079940.89,5287243.46,20470803.46,1762749.37,18708054.09,5639628.98,1633210,4006418.98,1260671.36,5719825.39,11386741.79,14792697.44,4117205.78,-2354456.41,-5678106.03,18367238.54,1712702.36,,2015-11-01,NULL,2015
12/1/2015,8571701.3,21718860.28,5653320.37,21612452.09,2891946.66,18720505.43,5812744.35,1857941.79,3954802.55,1456096.85,7115604.46,11458129.82,16065539.91,4473982.44,-1582035.78,-5546912.18,20029831.12,1689029.17,,2015-12-01,NULL,2015
1/1/2016,8250773.31,21672927.94,5392609.33,22358143.32,3417394.76,18940748.56,5751089.78,1725128.38,3683657.98,1378027.66,6872745.65,11548684.23,16280318.61,4814481.41,-1397086.65,-6077824.71,19799457.54,1873470.4,342303.42,2016-01-01,NULL,2016
2/1/2016,9066713.19,22523894.51,5471351.91,22568685.71,3516381.23,19052304.48,5097186.8,1711623.51,3043259.88,1377480.38,7689232.81,11554089.9,17052542.6,4899956.16,-1383574.93,-5516143.11,20620803.08,1903091.43,342303.42,2016-02-01,NULL,2016
3/1/2016,9040817.68,22409704.65,5551714.27,22664815.74,3781378.71,18883437.04,5760440.64,1811090.48,3609546.75,1441365.03,7599452.65,11429618.32,16857990.38,4990047.09,-1208668.38,-5806825.37,20470436,1939268.65,339803.42,2016-03-01,NULL,2016
4/1/2016,9136068.46,22802211.73,5045947.93,23312346.17,3932580.4,19379765.77,5587673.34,1763533.17,3484336.76,1444375.23,7691693.23,11591841.01,17756263.8,5162041.9,-1229461.5,-5556082.37,20727909.47,2074302.26,339803.42,2016-04-01,NULL,2016
5/1/2016,9705090.34,23048707.28,5206749.9,23070907.8,4031554.4,19039353.4,5496708.45,1746717.85,3410187.18,1393665.94,8311424.4,11330042.03,17841957.37,5334571.49,-1303017.09,-5228950.42,21035132.36,2013574.91,339803.42,2016-05-01,NULL,2016
6/1/2016,9518981.39,24013562.17,7105663.47,24623626.7,3171443.45,21452183.25,5371863.68,1684583.12,3347477.14,1379045.17,8139936.23,12559032.07,16907898.7,5281575.98,-2110132.53,-7715728,22078013.46,1935548.71,339803.42,2016-06-01,NULL,2016
7/1/2016,9583936.03,24619061.84,7563877.17,25424599.11,3004853.09,22419746.02,5270612.89,1664658.29,3266151.19,1374099.78,8209836.25,12951256.73,17055184.67,5237429.02,-2232575.93,-8369414.44,22535192.76,2083869.08,339803.42,2016-07-01,NULL,2016
8/1/2016,9535573.07,25754285.16,7350806.41,26356276.28,3550157.12,22806119.16,5215450.81,1679477.28,3196170.11,1369515.48,8166057.59,12521427.88,18403478.75,5858573.89,-2308416.77,-7952797.52,22057000.95,3697284.21,339803.42,2016-08-01,NULL,2016
9/1/2016,9829688.04,26001460.42,7742283.63,26254660.96,3514975.12,22739685.84,5197108.16,1794287.84,3063016.9,1477436.25,8352251.78,12184092.85,18259176.79,5982434.66,-2467459.54,-7995484.17,22013780.89,3987679.53,339803.42,2016-09-01,NULL,2016
10/1/2016,9928176.45,26406619.99,7621243.68,26700723.5,3520265.44,23180458.06,5202080.99,1825664.51,3036613.06,1521797.77,8406378.68,12251895.85,18785376.31,6058148.7,-2537883.26,-7915347.19,22180072.3,4226547.69,339803.42,2016-10-01,NULL,2016
11/1/2016,10432674.72,27071771.48,7996938.19,26695865.72,3579216.77,23116648.95,5357858.56,1907863.84,3110191.3,1587050.61,8845624.11,11953373.71,19074833.28,5983895,-2404678.23,-7621032.43,22386048.43,4685723.05,339803.42,2016-11-01,NULL,2016
12/1/2016,11271506.82,28501887.38,9149659.29,26857719.34,4875570.3,21982149.04,5847916.84,2179174.28,3323939.15,1820415.9,9451090.92,12320225.75,19352228.09,6930205.46,-2054635.16,-7505491.25,23591732.58,4910154.8,344803.42,2016-12-01,NULL,2016
1/1/2017,10983298.53,28478649.51,9473002.48,26508030.42,4629967.24,21878063.18,5650990.48,1994577.62,3311609.44,1631014.74,9352283.79,12113228.02,19005647.02,6411045.68,-1781078.44,-7502383.4,23096526.55,5382122.96,344803.42,2017-01-01,NULL,2017
2/1/2017,10057954.5,27724040.1,7977399.24,27209343.43,4977649.78,22231693.64,5558451.16,1978886.94,3234760.81,1612071.59,8445882.91,12153000.34,19746640.86,6534102.46,-1556452.67,-7462702.57,22210954.84,5513085.26,344803.42,2017-02-01,NULL,2017
3/1/2017,10234531.59,27971090.01,7628543.46,27675371.94,5303542.02,22371829.92,5643384.01,1983633.07,3309947.53,1661015.33,8573516.26,12069736.25,20342546.55,6533018.62,-1229476.59,-7332825.39,22304267.84,5666822.17,349803.42,2017-03-01,NULL,2017
4/1/2017,9815679.49,27617212.88,7269852.64,27514336.86,5270202.59,22244134.26,5862023.02,1975812.32,3536407.29,1606576.52,8209102.97,11952561.64,20347360.25,6863997.98,-1593795.38,-7166976.61,21768241.12,5848971.76,349803.42,2017-04-01,NULL,2017
5/1/2017,10257331.42,28039317.59,8540084.49,26836772.47,4811650.01,22025122.45,5501726.82,1897917.15,3254006.25,1520624.47,8736706.95,11790439.26,19499233.11,6870456.31,-2058806.3,-7337539.36,22047770.68,5991546.92,349803.42,2017-05-01,NULL,2017
6/1/2017,10190190.92,28319278.95,8468080.62,27236433.6,5250486.41,21985947.18,5480210.61,1873544,3256863.2,1477147.44,8713043.48,11790391.44,19851198.34,7295028.32,-2044541.91,-7385235.26,21980582.35,6338696.6,349803.42,2017-06-01,NULL,2017
7/1/2017,10320681.74,29489598.98,8743688.09,28033384.6,5861018,22172366.6,5565225.9,1769750.47,3445672.02,1442158.61,8878523.14,11874338.03,20745910.9,7562425.09,-1701407.08,-7287473.71,22195019.77,7294579.22,349803.42,2017-07-01,NULL,2017
8/1/2017,9890813.1,29493945.01,9732990.89,26821446.81,4824226.22,21997220.59,5486804.65,1868735.07,3268266.17,1523239.91,8367573.19,11960641.22,19760954.12,7834536.74,-3010310.52,-7060492.69,21851454.31,7642490.7,349803.42,2017-08-01,NULL,2017
9/1/2017,10064248.19,29845247.36,10050494.65,26985305.21,4963406.02,22021899.19,5559792.16,1781046.41,3428942.34,1435328.19,8628920,11889745.65,19794752.72,7490403.97,-2526997.95,-7190552.49,21953993.84,7891253.52,349803.42,2017-09-01,NULL,2017
10/1/2017,10393062.49,30890764.53,12397103.9,27174805.81,5245888.6,21928917.21,5762463.07,1791194.52,3621498.01,1463773.54,8929288.95,12107555.52,18493660.63,7635144.66,-2389256.06,-8681145.18,22500618.01,8390146.52,349770.54,2017-10-01,NULL,2017
11/1/2017,10115050.31,30343739.6,13297567.14,26349068.54,4392408.33,21956660.2,5675343.67,1896156.51,3429416.61,1553533.07,8561517.24,12196067.71,17046172.47,7620193.14,-3227784.8,-9302896.07,22311118.02,8032621.59,349770.54,2017-11-01,NULL,2017
12/1/2017,11175573.96,28669584.6,15520760.99,25929552,3638893.69,22290658.31,6484296.32,2157229.65,3982296.12,1782664.58,9392909.39,12965060.24,13148823.61,6211583.05,-2572689.36,-12780728.39,24140634.21,4528950.39,344770.54,2017-12-01,NULL,2017
1/1/2018,10911059.53,28207927.43,15591517.9,25964493.11,3971062.07,21993431.04,6067258.36,1945444.2,3777043.63,1587947.98,9323111.54,13051971.95,12616409.53,6009706.41,-2038644.34,-13348083.58,23963031.48,4244895.95,344770.54,2018-01-01,NULL,2018
2/1/2018,10854779.76,29653115.46,15032430.46,27097901.65,4596990.16,22500911.48,6454075.7,1937337.46,4171967.7,1570981.99,9283797.77,13288230.52,14620685,6149102.33,-1552112.17,-12477216.65,24143010.28,5510105.18,344770.54,2018-02-01,NULL,2018
3/1/2018,11033976.38,29112009.95,16316847.92,26440662.05,4077433.87,22363228.18,6755736.4,2039324.37,4371641.49,1668378.21,9365598.17,13390445.76,12795162.03,6141049.97,-2063616.1,-13645500.02,24424422.14,4687587.81,344770.54,2018-03-01,NULL,2018
4/1/2018,10624148.11,29055250.29,15862412.24,27262815.6,4986326.81,22276488.79,6532696.43,1957219.31,4230706.58,1599176.1,9024972.01,13850005.88,13192838.04,6232356.42,-1246029.61,-14069977.56,24474153.99,4581096.29,344770.54,2018-04-01,NULL,2018
5/1/2018,11226313.09,29875540.94,18297137.72,25235877.12,3029133.21,22206743.91,6767652.1,1930695.53,4492186.03,1577522.02,9648791.07,13942701.1,11578403.22,6389020.08,-3359886.87,-13657473.9,25169014.19,4706526.75,344770.54,2018-05-01,NULL,2018
6/1/2018,10701110,29343829.54,18337532.47,25086874.73,2805008.21,22281866.53,6360468.37,1900671.87,4115025.96,1519902.32,9181207.68,14112894.51,11006297.08,6549350.73,-3744342.53,-14080577.65,24814004.52,4529825.03,344770.54,2018-06-01,NULL,2018
7/1/2018,10668002.07,29513533.33,17784894.58,25497325.35,3236115.48,22261209.87,6622663.38,1824826.08,4453033.88,1468302.07,9199700,14303099.86,11728638.76,6478687.38,-3242571.9,-13768686.59,24971101.93,4542431.4,344803.42,2018-07-01,NULL,2018
8/1/2018,10448156.83,29704814.88,18411932.13,24691470.05,2221228.26,22470241.79,6688519.34,1928744.27,4414971.65,1541554.75,8906602.08,14411189.64,11292882.75,6832258.46,-4611030.2,-13398587.3,24859346.47,4845468.41,344803.42,2018-08-01,NULL,2018
9/1/2018,10757685.14,30851051.87,18815935.55,26408425.68,3440986.85,22967438.83,6802557.09,1926382.16,4531371.51,1601885.75,9155799.39,14802977.19,12035116.32,7053020.64,-3612033.79,-14373309.36,25560662.33,5290389.54,344803.42,2018-09-01,NULL,2018
10/1/2018,11241391.38,32026500.03,18770212.88,26894678.47,3756182.62,23138495.84,7328423.46,1956009.42,5027610.63,1601690.67,9639700.7,14800512.49,13256287.15,7262280.61,-3506098,-13638391.32,26041903.87,5984596.17,344803.42,2018-10-01,NULL,2018
11/1/2018,10688208.65,31859474.03,18990400.78,26075984.1,2980818.93,23095165.17,6811192.37,2100129.91,4366259.05,1712092.85,8976115.81,14779216.89,12869073.24,7125390.36,-4144571.43,-13206910.86,25467425.55,6392048.48,344803.42,2018-11-01,NULL,2018
12/1/2018,11752557.98,33359248.54,18397816.89,27574319.41,4866094.44,22708224.97,7135729.29,2329706.58,4461219.3,1912975.63,9839582.35,15316017.08,14961431.64,8006625.38,-3140530.94,-12612887.76,27068575.06,6290673.48,344803.42,2018-12-01,NULL,2018
1/1/2019,11142014.49,33727792.36,17814232.98,28652344.4,5705553.55,22946790.85,7488235.71,2139666.39,5003765.9,1740194.77,9401819.72,15629072.56,15913559.38,8205949.53,-2500395.98,-12738785.02,26771087.05,6956705.31,344803.42,2019-01-01,NULL,2019
2/1/2019,11030117.47,32860412.99,17023154.96,30520863.14,6355285.12,24165578.02,7166894.51,2241313.48,4580777.61,1840518.75,9189598.72,15516522.24,15837258.03,8715699.88,-2360414.77,-14683605.1,26546639.71,6313773.28,344803.42,2019-02-01,NULL,2019
3/1/2019,10943876.42,33831073.76,16816802.47,31736895.75,7742158.55,23994737.21,7246275.17,2153220.11,4748251.64,1780611.44,9163264.98,15890938.7,17014271.29,8846438.62,-1104280.08,-14722624.46,26834815.12,6996258.64,344803.42,2019-03-01,NULL,2019
4/1/2019,11256202.28,34738786.48,17324334.13,32891837.79,8003857.7,24887980.09,7948251.34,2158698.81,5444749.12,1717133.53,9539068.74,16323242.88,17414452.35,9439958.23,-1436100.54,-15477385.44,27579445.15,7159341.33,344803.42,2019-04-01,NULL,2019
5/1/2019,11384007.19,34886171.27,19100003.89,32194612.34,7312173.99,24882438.34,8154878.54,2111848.42,5698226.7,1705673.25,9678333.94,16429694.42,15786167.38,10013126.64,-2700952.65,-16408444.96,27813701.61,7072469.66,344803.42,2019-05-01,NULL,2019
6/1/2019,11161250.34,34904051.77,18471241.48,32341481.45,7583241.82,24758239.63,8088459.46,2014073.95,5729582.09,1650867.68,9510382.66,16737577.93,16432810.29,10435252.08,-2852010.26,-15908671.16,27898828.27,7005223.5,344803.42,2019-06-01,NULL,2019
7/1/2019,11448386.72,35684144.8,17663300.59,33433375.77,9143121.76,24290254.02,7479100.71,2003090.93,5158888.35,1610544.39,9837842.33,16828755.05,18020844.21,10974788.78,-1831667.03,-15412531.56,28277141.77,7407003.03,317121.43,2019-07-01,NULL,2019
8/1/2019,11230396.33,35215543.3,15702066.4,34273009.9,9453781.5,24819228.41,6977837.11,2018840.38,4641875.31,1653915.06,9576481.27,16326402.55,19513476.89,11133128.32,-1679346.82,-14759533.01,27556798.88,7658744.42,317121.43,2019-08-01,NULL,2019
9/1/2019,11120799.53,35044314.08,13911335.83,35938328.72,10451819.6,25486509.12,7000253.07,2005600.83,4677530.81,1623865.88,9496933.66,16549157.64,21132978.25,11007043.01,-555223.41,-14805350.47,27669957.17,7374356.91,317121.43,2019-09-01,NULL,2019
10/1/2019,10617420.14,35450018.61,14733833.13,34937934.2,9089561.72,25848372.48,7447923.38,2055946.55,5074855.4,1697177.33,8920242.81,17194370.7,20716185.48,11288585.87,-2199024.16,-14221748.72,27811790.84,7638227.77,317121.43,2019-10-01,NULL,2019
11/1/2019,10930572.57,36478128.57,14194603.8,35513084.66,9100341.79,26412742.87,7353364.01,2203274.21,4832968.37,1799096.96,9131475.61,17484799.42,22283524.77,11385706.36,-2285364.57,-13229559.89,28415371.99,8062756.58,317121.43,2019-11-01,NULL,2019
12/1/2019,10533132.42,34776379.74,5804374.76,36178344.82,9483817.98,26694526.84,8669829.58,2442985.64,6226843.93,2022635.29,8510497.13,18250062.01,28972004.98,0,0,1799059.26,28783194.45,5993185.3,317234.17,2019-12-01,NULL,2019
1/1/2020,10324564.92,34128187.61,7147122.74,36297245.03,9645254.92,26651990.11,8399818.99,2249769.69,6150049.3,1857170.7,8467394.22,18807815.44,26981064.87,0,0,3935376.66,29132380.36,4995807.25,317234.17,2020-01-01,NULL,2020
2/1/2020,10397772.25,33949618.7,6099989.97,37132194.11,10352073.72,26780120.39,9639077.57,2186983.4,7452094.17,1785788.13,8611984.11,19321592.28,27849628.73,0,0,3503989.37,29719364.53,4230254.16,317234.17,2020-02-01,NULL,2020
3/1/2020,11107001.84,35776635.5,7593219.69,38431948.11,10009034.68,28422913.43,10154245.31,2296174.39,7858070.92,1890837.23,9216164.6,19903120.23,28183415.81,0,0,3999287.82,31010122.07,4766513.44,317234.17,2020-03-01,NULL,2020
4/1/2020,11659870.47,35875663.63,6877350.46,39603928.78,10710050.78,28893877.99,12258511.1,2307392.55,9951118.55,1902609.05,9757261.42,20298614.38,28998313.17,0,0,4003471.96,31958484.85,3917178.78,317234.17,2020-04-01,NULL,2020
5/1/2020,12553304.03,35949843.8,8063241.22,38913828.54,9564579.49,29349249.05,12968506.55,2353337.05,10615169.49,1975181.9,10578122.12,20165858.66,27886602.58,0,0,4366537.42,32719162.68,3230681.12,317234.17,2020-05-01,NULL,2020
6/1/2020,12381367.68,35767994.47,8360081.23,38453939.57,8898424.84,29555514.73,13245386.03,2300831.63,10944554.39,1868286.18,10513081.51,20212154.81,27407913.24,0,0,4228048.84,32593522.49,3174471.97,317234.17,2020-06-01,NULL,2020
7/1/2020,12775602.49,36813447.86,8087752.41,39849571.53,9661188.09,30188383.44,13421827.07,2395917.03,11025910.04,2026478.87,10749123.62,20561724.33,28725695.46,0,0,3996612.31,33337326.82,3476121.04,317234.17,2020-07-01,NULL,2020
8/1/2020,13133475.59,36118143.68,8672873,38792303.9,8410276.49,30382027.42,13692387.33,2370886.01,11321501.32,1971463.56,11162012.03,21129112.9,27445270.68,0,0,4188245.31,34262588.49,1855555.19,317234.17,2020-08-01,NULL,2020
9/1/2020,13555672.34,35995011.24,7579035.48,39429671.22,9683889.71,29745781.51,13576878.07,2427329.31,11149548.76,2018486.07,11537186.27,21409775.33,28415975.76,0,0,3894630.9,34965447.66,1029563.57,317234.17,2020-09-01,NULL,2020
10/1/2020,14193844.06,36218203.68,7846437.55,39537142.13,10449164.26,29087977.87,14745573.1,2498977.64,12246595.46,2099452.75,12094391.31,21535340.33,28371766.13,0,0,3937600.89,35729184.39,489019.29,317234.17,2020-10-01,NULL,2020
11/1/2020,14819010.85,36958454.16,8181174.23,40194156.06,10782279.08,29411876.98,15309548.19,2659710.45,12649837.74,2256485.32,12562525.53,21698784.95,28777279.93,0,0,4205454.62,36517795.8,440658.36,317234.17,2020-11-01,NULL,2020
12/1/2020,15976622.22,38627352.16,7337626.6,42554422.4,12404818.95,30149603.45,13103089.18,2908462.4,10194626.79,2495608.06,13481014.17,21728353.75,31289725.56,0,0,3019998.61,37704975.97,922376.19,317234.17,2020-12-01,NULL,2020
1/1/2021,15948524.19,38780867.41,7411066.42,42952735.63,12304163.61,30648572.03,13264585.14,2831167.19,10433417.96,2358724.24,13589799.95,21793213.46,31369800.99,0,0,3923254.37,37741737.65,1039129.75,317234.17,2021-01-01,NULL,2021
2/1/2021,16516534.44,38733741.81,8012877.76,43126364.4,12623205.39,30503159,13395144.1,2779831.6,10615312.5,2319993.77,14196540.67,21520000.73,30720864.06,0,0,5543215.77,38036535.17,697206.64,317234.17,2021-02-01,NULL,2021
3/1/2021,16139759.87,38651062.81,6725994.75,43435075.88,11994167.43,31440908.45,13338059.07,2808734.33,10529324.74,2305664.2,13834095.67,22079073.1,31925068.05,0,0,4251697.81,38218832.96,432229.84,317234.17,2021-03-01,NULL,2021
4/1/2021,15997295.69,39081713.71,6782880.44,44064768.66,12163347.97,31901420.68,13202634.58,2796471.37,10406163.21,2302191.18,13695104.51,22395876.29,32298833.27,0,0,3997882.51,38393171.98,688541.73,317234.17,2021-04-01,NULL,2021
5/1/2021,16262320.05,39783085.31,7355163.47,44591088.9,12475104.54,32115984.36,13064025.44,2790895.5,10273129.95,2316096.75,13946223.3,22356678.37,32427921.84,0,0,4435543.57,38618998.42,1164086.89,317234.17,2021-05-01,NULL,2021
6/1/2021,16016754.46,39406648.08,7070089.2,44385555.31,11747370.69,32638184.62,12333747.06,2741262.67,9592484.39,2248530.5,13768223.96,22742384.83,32336558.88,0,0,4193118.62,38759139.29,647508.79,317234.17,2021-06-01,NULL,2021
